/*=======================================
=            STRONG ENTITIES            =
=======================================*/
DROP TABLE IF EXISTS appointments;
CREATE TABLE appointments (
  id INTEGER PRIMARY KEY AUTOINCREMENT,
  name VARCHAR(20) NOT NULL UNIQUE,
  registered_date DATETIME DEFAULT CURRENT_TIMESTAMP
);

DROP TABLE IF EXISTS instruction_levels;
CREATE TABLE instruction_levels (
  id INTEGER PRIMARY KEY AUTOINCREMENT,
  name VARCHAR(20) NOT NULL UNIQUE,
  abbreviation VARCHAR(5) NOT NULL UNIQUE,
  registered_date DATETIME DEFAULT CURRENT_TIMESTAMP
);

DROP TABLE IF EXISTS departments;
CREATE TABLE departments (
  id INTEGER PRIMARY KEY AUTOINCREMENT,
  name VARCHAR(20) NOT NULL UNIQUE,
  belongs_to_external_consultation BOOL DEFAULT false,
  is_active BOOL DEFAULT true,
  icon_file_path VARCHAR(255) NOT NULL UNIQUE,
  registered_date DATETIME DEFAULT CURRENT_TIMESTAMP
);

DROP TABLE IF EXISTS consultation_cause_categories;
CREATE TABLE consultation_cause_categories (
  id INTEGER PRIMARY KEY AUTOINCREMENT,
  short_name VARCHAR(255) NOT NULL UNIQUE,
  extended_name VARCHAR(255),
  top_category_id INTEGER
);

/*=====================================
=            WEAK ENTITIES            =
=====================================*/
DROP TABLE IF EXISTS users;
CREATE TABLE users (
  id INTEGER PRIMARY KEY AUTOINCREMENT,
  first_name VARCHAR(20) NOT NULL,
  second_name VARCHAR(20),
  first_last_name VARCHAR(20) NOT NULL,
  second_last_name VARCHAR(20),
  birth_date DATE NOT NULL,
  gender VARCHAR(20) NOT NULL CHECK (gender IN ('Masculino', 'Femenino')),
  id_card INTEGER NOT NULL UNIQUE,
  password VARCHAR(255) NOT NULL,
  phone VARCHAR(16) NOT NULL UNIQUE,
  email VARCHAR(255) NOT NULL UNIQUE,
  address TEXT NOT NULL,
  profile_image_path VARCHAR(255) NOT NULL UNIQUE,
  is_active BOOL DEFAULT true,
  registered_date DATETIME DEFAULT CURRENT_TIMESTAMP,
  appointment_id INTEGER NOT NULL,
  instruction_level_id INTEGER NOT NULL,
  registered_by_id INTEGER,

  UNIQUE (first_name, second_name, first_last_name, second_last_name),
  FOREIGN KEY (appointment_id) REFERENCES appointments (id),
  FOREIGN KEY (instruction_level_id) REFERENCES instruction_levels (id)
);

DROP TABLE IF EXISTS consultation_causes;
CREATE TABLE consultation_causes (
  id INTEGER PRIMARY KEY AUTOINCREMENT,
  short_name VARCHAR(255) NOT NULL,
  variant VARCHAR(255),
  extended_name VARCHAR(255) UNIQUE,
  code VARCHAR(255),
  category_id INTEGER NOT NULL,

  UNIQUE (short_name, variant),
  FOREIGN KEY (category_id) REFERENCES consultation_cause_categories (id)
);

DROP TABLE IF EXISTS patients;
CREATE TABLE patients (
  id INTEGER PRIMARY KEY AUTOINCREMENT,
  first_name VARCHAR(20) NOT NULL,
  second_name VARCHAR(20),
  first_last_name VARCHAR(20) NOT NULL,
  second_last_name VARCHAR(20),
  birth_date DATE NOT NULL,
  gender VARCHAR(20) NOT NULL CHECK (gender IN ('Masculino', 'Femenino')),
  id_card INTEGER NOT NULL UNIQUE,
  registered_date DATETIME DEFAULT CURRENT_TIMESTAMP,
  registered_by_id INTEGER NOT NULL,

  UNIQUE (first_name, second_name, first_last_name, second_last_name),
  FOREIGN KEY (registered_by_id) REFERENCES users (id)
);

/*======================================
=            PIVOT ENTITIES            =
======================================*/
DROP TABLE IF EXISTS department_assignments;
CREATE TABLE department_assignments (
  id INTEGER PRIMARY KEY AUTOINCREMENT,
  registered_date DATETIME DEFAULT CURRENT_TIMESTAMP,
  user_id INTEGER NOT NULL,
  department_id INTEGER NOT NULL,

  FOREIGN KEY (user_id) REFERENCES users (id),
  FOREIGN KEY (department_id) REFERENCES departments (id)
);

DROP TABLE IF EXISTS consultations;
CREATE TABLE consultations (
  id INTEGER PRIMARY KEY AUTOINCREMENT,
  type VARCHAR(1) NOT NULL CHECK (type IN ('P', 'S', 'A')),
  registered_date DATETIME DEFAULT CURRENT_TIMESTAMP,
  patient_id INTEGER NOT NULL,
  cause_id INTEGER NOT NULL,
  department_id INTEGER NOT NULL,

  FOREIGN KEY (patient_id) REFERENCES patients (id),
  FOREIGN KEY (cause_id) REFERENCES consultation_causes (id),
  FOREIGN KEY (department_id) REFERENCES departments (id)
);

/*=============================================
=            PRE-INSTALLED RECORDS            =
=============================================*/
INSERT INTO appointments (id, name) VALUES
(1, 'Director/a'), (2, 'Coordinador/a'), (3, 'Secretario/a');

INSERT INTO instruction_levels (id, name, abbreviation) VALUES
(1, 'Doctor/a', 'Dr'),
(2, 'Ingeniero/a', 'Ing'),
(3, 'Técnico Superior Universitario', 'TSU'),
(4, 'Licenciado/a', 'Licdo');

INSERT INTO departments (id, name, belongs_to_external_consultation, icon_file_path)
VALUES /*(1, 'Pediatría', true),
(2, 'Ginecología', true),
(3, 'Alto Riesgo', true),
(4, 'Cirugía General', true),
(5, 'Nutrición Dietética', true),
(6, 'Consulta Personal', true),
(7, 'Higiene de Adulto', true),
(8, 'I.T.S', true),
(9, 'Salud Respiratoria', true),
(10, 'Consulta General', true),
(11, 'Operativo Médico Asistencial', true),
(12, 'Paez', false),
(13, 'Programa', false),
(14, 'Laboratorio', false),
(15, 'Epidemiología', false),
(16, 'Hechos Vitales', false),
(17, 'Servicios Sociales', false),
(18, 'Quirófano', false),
(19, 'Rayos X', false),
(20, 'Banco de Sangre', false),
(21, 'Emergencia', false),*/
(22, 'Estadística', false, 'assets/img/departments/web01-obs_turismo-SIT.svg')/*,
(23, 'Hospitalización', false)*/;

INSERT INTO consultation_cause_categories (id, short_name, extended_name, top_category_id) VALUES
(1, 'Enfermedades infecciosas y parasitarias', null, null),
(2, 'Transmisión hídrica y alimentos', null, 1),
(3, 'Transmisión aérea', null, 1),
(4, 'Transmisión sexual', null, 1),
(5, 'Prevenibles por vacuna', null, 1),
(6, 'Transmitidas por vectores', null, 1),
(7, 'Enfermedades zoonóticas', null, 1),
(8, 'Otras enfermedades transmitibles', null, 1),
(9, 'Neoplasias', null, null),
(10, 'Enf. de la sangre y org. hematopoyéticos', 'Enfermedades de la sangre y órganos hematopoyéticos', null),
(11, 'Enf. endocrinas, nutric. y metabólicas', 'Enfermedades endocrinas, nutricionales y metabólicas', null),
(12, 'Trastornos mentales y del comportamiento', null, null),
(13, 'Enf. del sistema nervioso', 'Enfermedades del sistema nervioso', null),
(14, 'Enf. del ojo y sus anexos', 'Enfermedades del ojo y sus anexos', null),
(15, 'Enf. del oído y apófisis mastóides', 'Enfermedades del oído y apófisis mastóides', null),
(16, 'Enf. del sistema circulatorio', 'Enfermedades del sistema circulatorio', null),
(17, 'Enf. del sistema respiratorio', 'Enfermedades del sistema respiratorio', null),
(18, 'Enfermedades del sistema digestivo', null, null),
(19, 'Enfermedades de la piel y tejido subcutáneo', null, null),
(20, 'Enfermedades del sistema osteomuscular y tejidos conjuntivos', null, null),
(21, 'Enfermedades del sistem genito-urinario', null, null),
(22, 'Embarazo, parto y puerperio', null, null),
(23, 'Afecciones en el período perinatal', null, null),
(24, 'Síntomas, signos y hallazgos anormales', null, null),
(25, 'Traumatismos y envenenamiento', null, null),
(26, 'Causas externas de morbilidad y mortalidad', null, null),
(27, 'Violencia familiar', null, null),
(28, 'Otras causas de consulta', null, null);

INSERT INTO consultation_causes (short_name, variant, code, category_id) VALUES
('Cólera', null, 'A00', 2),
('Amibiasis', null, 'A06', 2),
('Diarreas', '< 1 año', 'A08-A09', 2),
('Diarreas', '1 a 4 años', 'A08-A09', 2),
('Diarreas', '4 años y más', 'A08-A09', 2),
('Diarrea', 'sin deshidratación', 'A08-A09', 2),
('Diarrea', 'con deshidratación leve/moderada', 'A08-A09', 2),
('Diarrea', 'con deshidratación grave', 'A08-A09', 2),
('Giardiasis', null, 'A07.1', 2),
('Helmintiasis', null, 'B65-B68-B70-B83', 2),
('Fiebre tifoidea', null, 'A01.0', 2),
('ETA. N° de brotes', null, null, 2),
('Casos asoc. a brotes de enferm. transm. por alimentos', null, 'B15', 2),
('Hepatitis', 'aguda tipo A', 'B15', 2),
('Tuberculosis', null, 'A15-A19', 3),
('Tuberculosis', 'serie P (Pulmonar BK+)', 'A15.0-A15.3', 3),
('Tuberculosis', 'serie N (Pulmonar BK-)', 'A16.0', 3),
('Tuberculosis', 'serie EP (Extrapulmonares)', 'A16.3-A16.9-A17-A19', 3),
('Influenza', null, 'J09-J11', 3),
('Infecciones gonocócicas', null, 'A54', 4),
('Sífilis', null, 'A51-A53', 4),
('Sífilis', 'congénita', 'A50', 4),
('Infección asintomática VIH', null, 'Z21', 4),
('Enfermedad VIH/SIDA', null, 'B20-B24', 4),
('Condiloma acuminado', null, 'A63.0', 4),
('Tricomoniasis', null, 'A59.9', 4),
('Candidiasis genital', null, 'B37.3', 4),
('Úlcera genital', null, 'N76.6-N50.8', 4),
('Flujo vaginal', null, 'N89.8', 4),
('Edema de escroto', null, 'N50.8', 4),
('Flujo uretral', null, 'N51-A54.0-A59.0', 4),
('Bubón inguinal', null, 'I88.8', 4),
('Infección por Virus Papiloma Humano', null, 'B97.7', 4),
('Poliomielitis', null, 'A80', 5),
('Tosferina', null, 'A37', 5),
('Parotiditis infecciosa', null, 'B26', 5),
('Tétanos', 'neonatal', 'A33', 5),
('Tétanos', 'obstétricos', 'A34', 5),
('Otros tétanos', null, 'A35', 5),
('Difteria', null, 'A36', 5),
('Sarampión', null, 'B05', 5),
('Rubéola', null, 'B06', 5),
('Dengue', 'sin signos de alarma', 'A90', 6),
('Dengue', 'con signos de alarma', 'A90', 6),
('Dengue', 'grave', 'A91', 6),
('Chikungunya', null, 'A92.0', 6),
('Zika', null, 'U06', 6),
('Encefalitis equina venezolana', null, 'A92.2', 6),
('Fiebre amarilla', null, 'A95', 6),
('Paludismo', 'a Falciparum', 'B50', 6),
('Paludismo', 'a Vivax', 'B51', 6),
('Paludismo', 'a Malariae', 'B52', 6),
('Paludismo', 'mixta', 'B50-B51-B52', 6),
('Leishmaniasis', 'visceral', 'B55.0', 6),
('Leishmaniasis', 'cutánea', 'B55.1', 6),
('Leishmaniasis', 'munocutánea', 'B55.2', 6),
('Leishmaniasis', 'no específica', 'B55.9', 6),
('Enfermedad de chagas', 'aguda', 'B57.0-B57.1', 6),
('Enfermedad de chagas', 'crónica', 'B57.2-B57.5', 6),
('Oncocercosis', null, 'B73', 6),
('Fiebre del oeste del Nilo', null, 'A92.3', 6),
('Rabia humana', null, 'A82', 7),
('Fiebre hemorrágica venezolana', null, 'A96.8', 7),
('Leptospirosis', null, 'A27', 7),
('Brucelosis', null, 'A23', 7),
('Cisticercosis', null, 'B69', 7),
('Peste', null, 'A20', 7),
('Rumor de epizootias', null, null, 7),
('Meningitis', 'viral', 'A87', 8),
('Meningitis', 'bacteriana', 'G00', 8),
('Meningitis', 'meningocócica', 'A39.0', 8),
('Enfermedad meningocócica', null, 'A39.9', 8),
('Varicela', null, 'B01', 8),
('Hepatitis', 'aguda tipo B', 'B16', 8),
('Hepatitis', 'aguda tipo C', 'B17.1', 8),
('Otras hepatitis agudas', null, 'B17', 8),
('Hepatitis', 'no especificada', 'B19', 8),
('Síndrome viral', null, 'B34', 8),
('Pediculosis y ácaros', null, 'B85-B87', 8),
('Escabiosis', null, 'B86', 8),
('Micosis superficial', null, 'B35-B36', 8),
('Lepra', null, 'A30', 8),
('Ébola', null, 'A98.4', 8),
('Hantavirosis SCPH', null, 'B33.4', 8),
('Mononucleosis infecciosa', null, 'B27', 8),
('Viruela', null, 'B03', 8),
('Neoplasias', null, 'C00-D48', 9),
('Tumores malignos no especificados', null, 'C80.9', 9),
('Anemias', null, 'D50-D64', 10),
('Trastornos tiroideos', null, 'E00-E07', 11),
('Diábetes mellitus', 'tipo 1', 'E10-E14', 11),
('Diábetes mellitus', 'tipo 2', 'E10-E14', 11),
('Desnutrición', 'leve < 15 años', 'E44.1', 11),
('Desnutrición', 'moderada < 15 años', 'E44.0', 11),
('Desnutrición', 'grave < 15 años', 'E40-E43-E45', 11),
('Sobrepeso', null, 'E66.9', 11),
('Obesidad mórbida', null, 'E66', 11),
('Trast. ment.', 'y del comportamiento', 'F00-F99', 12),
('Trast. ment.', 'orgánicos', 'F00-F09', 12),
('Trast. ment.', 'por uso de sustancias psicoactivas', 'F10-F19', 12),
('Esquizofrenia, esquizotípicos y trans. delirantes', null, 'F20-F29', 12),
('Trastornos del humor', null, 'F30-F39', 12),
('Trastornos neuróticos del estrés', null, 'F40-F48', 12),
('Sindr. del comportamiento asoc. a fact. físicos', null, 'F50-F59', 12),
('Trastornos de la personalidad', null, 'F60-F69', 12),
('Retardo mental', null, 'F70-F79', 12),
('Trastornos del desarrollo psicológico', null, 'F80-F89', 12),
('Trastornos emocionales y del comportamiento', null, 'F90-F98', 12),
('Trastorno mental no especificado', null, 'F99', 12),
('Parálisis flácida', '< 15 años', 'G82.0', 13),
('Parálisis flácida', '15 años y más', 'G82.0', 13),
('Síndrome de Guillain Barré', null, 'G61.0', 13),
('Epilepsia', null, 'G40-G41', 13),
('Migraña', null, 'G43', 13),
('Conjuntivitis', null, 'H10', 14),
('Trastornos de la acomodación y refracción', null, 'H52', 14),
('Persona ciega (PC)', null, 'CIF B210', 14),
('Deficiencia visual severa (DVS)', null, 'CIF B210', 14),
('Deficiencia visual (DV)', null, 'CIF B210', 14),
('Otras enfermedades del ojo', null, 'H00-H09-H11-H59', 14),
('Retinopatía diabética', null, 'H35-E14.3', 14),
('Glaucoma', null, 'H40', 14),
('Catarata', null, 'H25-H28', 14),
('Ambliopía', null, 'H53.0', 14),
('Otitis', 'externa', 'H60', 15),
('Otitis', 'media aguda < 5 años', 'H65.0-H65.1-H66.0-H66.9', 15),
('Otitis', 'media aguda >= 5 años', 'H65.0-H65.1-H66.0-H66.9', 15),
('Otitis', 'media crónica', 'H65.2-H65-9', 15),
('Fiebre reumat. y enf. card. reum. crón.', null, 'I00-I09', 16),
('Fiebre reumática sin complicaciones cardíacas', null, 'I00', 16),
('Hipertensión arterial', '< 15 años', 'I10', 16),
('Hipertensión arterial', '15-44 años', 'I10', 16),
('Enferm. isquémicas del corazón', null, 'I20-I22-I25', 16),
('Infarto agudo del miocardio', '< 45 años', 'I21', 16),
('Infarto agudo del miocardio', '45 años y más', 'I21', 16),
('Enfermedades cerebrovasculares', null, 'I60-I69', 16),
('Várices de miembros inferiores', null, 'I83', 16),
('Insuficiencia cardíaca', null, 'I50', 16),
('Angina de pecho', null, 'I20', 16),
('Cardiopatía isquémica', null, 'I25.9', 16),
('Rinofaringitis aguda', '< 5 años', 'J00', 17),
('Rinofaringitis aguda', '>= 5 años', 'J00', 17),
('Farigitis aguda', '< 5 años', 'J02', 17),
('Farigitis aguda', '>= 5 años', 'J02', 17),
('Amigdalitis aguda', null, 'J03', 17),
('Neumonía', '< 1 año', 'J12-J18', 17),
('Neumonía', '1-4 años', 'J12-J18', 17),
('Neumonía', '5 años y más', 'J12-J18', 17),
('Neumonía grave', '< 2 meses', 'J12-J18', 17),
('Bronquiolitis aguda', '< 2 años', 'J21', 17),
('Bronquitis', 'aguda', 'J20', 17),
('Bronquitis', 'crónica', 'J41-J42-J44.8', 17),
('Asma', '< 10 años', 'J45', 17),
('Asma', '>= 10 años', 'J45', 17),
('Rinitis alérgica', null, 'J30.1-J30.4', 17),
('Enfermedad pulmonar obstructuva crónica', null, 'J44.9', 17),
('Sinusitis aguda', null, 'J01', 17),
('Laringitis y traqueítis aguda', null, 'J04', 17),
('Laringitis obstructuva y epiglotitis', null, 'J05', 17),
('IRA. vías resp. sup. y sitios múltiples no especif.', null, 'J06', 17),
('IRA. no especif. vías resp. inferiores', null, 'J22', 17),
('Infección respiratoria aguda grave', null, 'J22', 17),
('Síndrome respiratorio agudo severo SARS', null, 'U04.9', 17),
('Sintomático respiratorio', null, null, 17),
('Exacerbación aguda del EPOC', null, null, 17),
('Caries dental', null, 'K02', 18),
('Gingivitis', null, 'K05.0-K05.1', 18),
('Estomatitis', null, 'K12.0-K12.1', 18),
('Gartritis', null, 'K29', 18),
('Apendicitis (todas formas)', null, 'K35-K37', 18),
('Hernias cavidad abdominal', null, 'K40-K46', 18),
('Colelitiasis', null, 'K80', 18),
('Pancreatitis aguda', null, 'K85', 18),
('Otras enf. esof. estómago e intestino', null, 'K22-K31-K63', 18),
('Abscesos', null, 'L02', 19),
('Celulitis', null, 'L03', 19),
('Dermatitis', null, 'L20-L30', 19),
('Piodermitis', null, 'L08.0', 19),
('Urticaria', null, 'L50', 19),
('Artritis', null, 'M00-M14', 20),
('Mialgias', null, 'M79.1', 20),
('Neuralgias', null, 'M79.2', 20),
('Bursitis', null, 'M70-M71-M75-M77', 20),
('Infección urinaria', null, 'N39.0', 21),
('Uretritis no gonocócica', null, 'N34.1', 21),
('Leucorrea no especificada', null, 'N89.8', 21),
('Hemorr. genital no espec. hembras', null, 'N93.9', 21),
('Cólico nefrítico', null, 'N23', 21),
('Dismenorrea no especificada', null, 'N94.6', 21),
('Salpingitis y ooforitis', null, 'N70', 21),
('Enferm. inflamatorias del útero', null, 'N71-N72', 21),
('Enferm. renal', null, 'N00-N08-N10-N13.3-N14-N20.0-N25-N29.8', 21),
('Insuficiencia renal aguda', null, 'N17.9', 21),
('Cálculo del riñón y del uréter', null, 'N20.0', 21),
('Cistitis', null, 'N30.9', 21),
('Hemorragia', "1' trimestre", 'O20-O44', 22),
('Hemorragia', "2' trimestre", 'O20-O44', 22),
('Hemorragia', "3' trim. embarazo", 'O20-O44-O46', 22),
('Hipertensión previa', null, 'O10', 22),
('Pre-eclampsia', null, 'O13-O14', 22),
('Eclampsia', null, 'O15', 22),
('Intento fallido de aborto', null, 'O07', 22),
('Aborto', null, 'O00-O06-O08', 22),
('Ruptura prematura de membrana', null, 'O42.9', 22),
('Trast. mamarios del puerperio', null, 'O91-O92', 22),
('DM pregestacinal', 'I', 'O24.1', 22),
('DM pregestacinal', 'II', 'O24.2', 22),
('Diábetes gestacional', null, 'O24.4', 22),
('Infecciones puerperales', null, 'O85-O86', 22),
('Hemorragias puerperales', null, 'O72.1-O72.2', 22),
('Endometritis', null, 'N71', 22),
('Dehiscencia de episiorrafia', null, 'O90.1', 22),
('Absceso de pared abdominal', null, 'O75.4', 22),
('Depresión postparto', null, 'O99.3', 22),
('Mastitis', null, 'O91', 22),
('Grietas o signos de infección en los pezones', null, 'O92.1', 22),
('Otras complicaciones del emb. part. y puerperio', null, 'O99.8', 22),
('Síndrome de rubéola congénita', null, 'P35.0', 23),
('Cefálea', null, 'R51', 24),
('Fiebre', null, 'R50', 24),
('Convulsiones', null, 'R56', 24),
('Abdomen agudo', null, 'R10.0', 24),
('Dolor abdominal', null, 'R10.4', 24),
('Proteinuria', null, 'R80', 25),
('Quemaduras', null, 'T20-T32', 25),
('Envenen. por drog. y otras sust.', null, 'T36-T50', 25),
('Heridas', null, 'T14.1', 25),
('Fracturas', null, 'T14.2', 25),
('Luxaciones y esguinces', null, 'T14.3', 25),
('Intoxicaciones por plagicidas', null, 'T60', 25),
('Cuerpo extraño en orificio natural', null, 'T15-T19', 25),
('Trauma ocular', null, 'S05', 25),
('Otros traumatismos', null, 'T14.8', 25),
('Accid. transport. terrestre', null, 'V01-V89', 26),
('Picaduras de insect. y otros anim.', null, 'X21-X27-X29', 26),
('Empozoñamiento ofídico', null, 'X20-W59', 26),
('Mordeduras sospechosas de rabia', null, 'A82', 26),
('Otros accidentes', null, null, 26),
('Accidentes del hogar', null, null, 26),
('Accidentes laborales', null, null, 26),
('Efectos adversos de medicamentos', null, 'Y40-Y57', 26),
('Efectos adversos de vacunas', null, 'Y58-Y59', 26),
('Aculiadura de alacrán', null, 'X22', 26),
('V. fliar. física', 'niño (0 a 11 años)', null, 27),
('V. fliar. física', 'niña (0 a 11 años)', null, 27),
('V. fliar. física', 'adolescente hombre (12 a 19 años)', null, 27),
('V. fliar. física', 'adolescente mujer (12 a 19 años)', null, 27),
('V. fliar. física', 'adulto (20 a 59 años)', null, 27),
('V. fliar. física', 'adulta (20 a 59 años)', null, 27),
('V. fliar. física', 'adulto mayor (60 años y más)', null, 27),
('V. fliar. física', 'adulta mayor (60 años y más)', null, 27),
('V. fliar. psicológica', 'niño (0 a 11 años)', null, 27),
('V. fliar. psicológica', 'niña (0 a 11 años)', null, 27),
('V. fliar. psicológica', 'adolescente hombre (12 a 19 años)', null, 27),
('V. fliar. psicológica', 'adolescente mujer (12 a 19 años)', null, 27),
('V. fliar. psicológica', 'adulto (20 a 59 años)', null, 27),
('V. fliar. psicológica', 'adulta (20 a 59 años)', null, 27),
('V. fliar. psicológica', 'adulto mayor (60 años y más)', null, 27),
('V. fliar. psicológica', 'adulta mayor (60 años y más)', null, 27),
('V. fliar. sexual', 'niño (0 a 11 años)', null, 27),
('V. fliar. sexual', 'niña (0 a 11 años)', null, 27),
('V. fliar. sexual', 'adolescente hombre (12 a 19 años)', null, 27),
('V. fliar. sexual', 'adolescente mujer (12 a 19 años)', null, 27),
('V. fliar. sexual', 'adulto (20 a 59 años)', null, 27),
('V. fliar. sexual', 'adulta (20 a 59 años)', null, 27),
('V. fliar. sexual', 'adulto mayor (60 años y más)', null, 27),
('V. fliar. sexual', 'adulta mayor (60 años y más)', null, 27),
('Otras causas de consulta', null, null, 28),
('Pacientes hospit. o referidos para hospitalización', null, null, 28);
