INSERT INTO users VALUES
(1, 'Franyer', 'Adrián', 'Sánchez', 'Guillén', 1002326400, 'Masculino', 28072391, '$2y$10$ducfSFjbtfKP7DvjHLSDauvMvk2U4xUvsW.W93qXa0YtBwQURQDha', '+58 416-5335826', 'franyeradriansanchez@gmail.com', 'El Pinar', 'resources/images/avatars/28072391.jpg', true, '2025-02-14 13:02:14', 1, 3, null),
(2, 'Jenifer', null, 'Lázaro', null, 938995200, 'Femenino', 29794519, '$2y$10$ducfSFjbtfKP7DvjHLSDauvMvk2U4xUvsW.W93qXa0YtBwQURQDha', '+58 424-7435104', 'jeniner_99@gmail.com', 'El Pinar', 'resources/images/avatars/29794519.jpg', true, '2025-02-14 13:02:15', 2, 3, 1),
(3, 'Daniel', null, 'Mancilla', null, 975110400, 'Masculino', 27668711, '$2y$10$ducfSFjbtfKP7DvjHLSDauvMvk2U4xUvsW.W93qXa0YtBwQURQDha', '+58 424-7532164', 'daniel@gmail.com', 'Río Frío', 'resources/images/avatars/27711944.jpg', true, '2025-02-14 13:02:16', 3, 3, 2);

INSERT INTO patients VALUES
(1, 'Juan', null, 'Arias', null, 923184000, 'Masculino', 31514346, '2025-02-14 13:14:59', 2),
(2, 'Andreína', null, 'Sánchez', null, 968889600, 'Femenino', 26345006, '2025-02-14 13:14:57', 3),
(3, 'Carlos', null, 'Contreras', null, 1026691200, 'Masculino', 29304506, '2025-02-14 13:14:56', 3),
(4, 'Eliliana', null, 'Salas', null, 1286668800, 'Femenino', 33453364, '2025-02-14 13:14:55', 3),
(5, 'Yenni', null, 'Sánchez', null, 977702400, 'Femenino', 28543550, '2025-02-14 13:14:54', 2),
(6, 'María', null, 'Hernández', null, 1052908800, 'Femenino', 30234506, '2025-02-14 13:14:53', 3),
(7, 'José', null, 'González', null, 1125456000, 'Masculino', 31234506, '2025-02-14 13:14:52', 3);

INSERT INTO doctors VALUES
(1, 'Marley', null, 'Mesa', 'Lázaro', 172886400, 'Femenino', 19345063, '2025-02-14 13:14:53', 2),
(2, 'Maro', null, 'Velazques', null, 640137600, 'Masculino', 18202068, '2025-02-14 13:14:52', 3),
(3, 'José', null, 'Hernández', null, 475632000, 'Masculino', 17503783, '2025-02-14 13:14:51', 2),
(4, 'María', null, 'González', null, 1026691200, 'Femenino', 29304506, '2025-02-14 13:14:50', 3),
(5, 'Luis', null, 'Hernández', null, 1286668800, 'Masculino', 33453364, '2025-02-14 13:14:49', 3);

INSERT INTO department_assignments VALUES
(1, '2025-02-14 13:14:51', 2, 22),
(2, '2025-02-14 13:14:50', 2, 21),
(3, '2025-02-14 13:14:49', 3, 22);

INSERT INTO hospitalizations VALUES
(1, 21, '2024-10-12', '2024-10-25', 'Curación', 'El paciente se recuperó exitósamente, debe reposar durante al menos 3 meses', '2025-02-14 13:14:49', 1, 1),
(2, 21, '2025-01-01', null, 'Mejoría', 'El paciente responde adecuadamente a los medicamentos', '2025-02-14 13:14:48', 2, 2);

INSERT INTO consultations (id,type,registered_date,patient_id,cause_id,department_id,doctor_id)
VALUES
  (1,"P","2025-01-09 02:41:50",7,205,21,2),
  (2,"P","2024-06-08 17:36:26",7,165,21,3),
  (3,"X","2024-04-04 04:40:39",2,9,21,4),
  (4,"X","2024-04-17 08:02:53",5,132,21,2),
  (5,"S","2024-04-20 20:51:47",3,9,21,4),
  (6,"S","2024-02-29 04:53:29",6,45,21,1),
  (7,"P","2024-12-26 21:13:45",4,180,21,4),
  (8,"P","2024-12-31 05:01:42",4,221,21,5),
  (9,"X","2024-10-25 08:16:22",5,120,21,1),
  (10,"X","2024-10-05 14:13:07",2,199,21,2),
  (11,"S","2024-12-17 12:58:46",6,33,21,1),
  (12,"S","2024-03-22 00:42:51",1,37,21,3),
  (13,"P","2024-06-21 07:08:40",5,237,21,5),
  (14,"P","2024-02-25 17:30:14",4,92,21,2),
  (15,"X","2024-11-05 01:36:14",2,231,21,5),
  (16,"X","2024-01-23 20:19:48",7,263,21,3),
  (17,"S","2024-10-06 18:35:30",1,248,21,4),
  (18,"S","2024-11-11 20:35:11",6,134,21,1),
  (19,"P","2025-02-09 10:56:02",4,115,21,4),
  (20,"P","2025-02-21 01:09:30",3,215,21,3),
  (21,"X","2024-03-31 07:16:41",6,52,21,2),
  (22,"X","2024-02-13 10:14:44",2,75,21,2),
  (23,"S","2024-08-17 10:58:52",1,153,21,3),
  (24,"S","2024-12-30 07:03:23",4,51,21,5),
  (25,"P","2024-10-08 16:48:07",4,50,21,2),
  (26,"P","2024-05-19 15:58:03",3,163,21,1),
  (27,"X","2024-08-11 05:57:05",6,29,21,5),
  (28,"X","2024-12-25 21:58:08",3,116,21,2),
  (29,"S","2024-11-27 16:24:39",7,80,21,4),
  (30,"S","2024-02-14 12:41:27",3,92,21,5),
  (31,"P","2024-06-25 00:23:26",7,53,21,4),
  (32,"P","2024-02-15 10:41:15",4,269,21,4),
  (33,"X","2024-12-11 05:10:13",5,215,21,4),
  (34,"X","2024-05-18 05:12:01",5,123,21,2),
  (35,"S","2024-09-15 16:34:40",2,38,21,4),
  (36,"S","2024-03-08 00:56:25",3,135,21,4),
  (37,"P","2024-11-14 12:07:28",5,84,21,2),
  (38,"P","2024-10-17 02:28:12",4,265,21,5),
  (39,"X","2024-03-11 12:53:01",5,56,21,2),
  (40,"X","2025-01-22 00:13:52",1,85,21,2),
  (41,"S","2024-07-07 02:53:50",2,99,21,4),
  (42,"S","2025-01-09 11:44:23",5,142,21,1),
  (43,"P","2024-07-14 06:45:30",1,41,21,4),
  (44,"P","2024-12-01 14:50:34",6,120,21,4),
  (45,"X","2024-11-04 19:31:10",5,113,21,2),
  (46,"X","2024-05-08 10:28:26",7,84,21,3),
  (47,"S","2025-01-12 14:13:20",5,210,21,2),
  (48,"S","2025-02-11 04:33:49",5,124,21,4),
  (49,"P","2024-05-26 11:35:04",3,100,21,2),
  (50,"P","2024-05-17 16:17:43",6,190,21,2);
INSERT INTO consultations (id,type,registered_date,patient_id,cause_id,department_id,doctor_id)
VALUES
  (51,"X","2024-11-21 07:01:16",7,130,21,3),
  (52,"X","2024-03-29 07:35:25",3,87,21,3),
  (53,"S","2024-07-01 14:50:50",1,74,21,3),
  (54,"S","2024-08-03 02:40:56",7,75,21,5),
  (55,"P","2024-12-01 08:49:34",6,48,21,2),
  (56,"P","2024-11-26 04:13:45",5,265,21,3),
  (57,"X","2024-03-13 14:08:27",5,52,21,3),
  (58,"X","2024-04-07 02:27:54",6,110,21,1),
  (59,"S","2024-06-16 12:17:53",4,56,21,3),
  (60,"S","2025-02-04 01:48:55",6,94,21,3),
  (61,"P","2024-06-01 03:43:12",7,125,21,4),
  (62,"P","2024-03-07 08:11:22",7,43,21,4),
  (63,"X","2024-07-09 15:31:12",6,115,21,2),
  (64,"X","2024-03-24 14:05:09",6,70,21,4),
  (65,"S","2024-08-16 02:59:50",3,148,21,4),
  (66,"S","2024-02-21 10:52:44",4,133,21,5),
  (67,"P","2024-12-21 03:37:13",2,168,21,2),
  (68,"P","2024-01-20 22:19:33",6,237,21,1),
  (69,"X","2024-06-17 02:52:04",2,154,21,4),
  (70,"X","2024-07-29 15:06:50",2,88,21,3),
  (71,"S","2024-02-29 19:40:14",6,251,21,3),
  (72,"S","2025-01-23 22:12:48",5,130,21,3),
  (73,"P","2024-10-14 09:03:03",5,121,21,1),
  (74,"P","2024-08-10 13:45:10",3,208,21,2),
  (75,"X","2024-10-15 09:48:58",2,72,21,4),
  (76,"X","2025-02-04 13:36:44",6,121,21,2),
  (77,"S","2024-08-10 04:23:57",6,247,21,5),
  (78,"S","2024-02-06 04:51:52",6,17,21,2),
  (79,"P","2024-04-07 17:46:52",4,18,21,3),
  (80,"P","2024-08-16 02:51:56",5,194,21,4),
  (81,"X","2024-07-15 17:23:15",3,8,21,5),
  (82,"X","2024-08-02 08:31:13",5,180,21,1),
  (83,"S","2025-02-19 17:08:57",3,127,21,2),
  (84,"S","2024-07-14 02:00:06",4,258,21,3),
  (85,"P","2025-02-05 15:52:32",6,253,21,3),
  (86,"P","2024-10-06 01:08:15",6,158,21,3),
  (87,"X","2024-02-27 02:18:24",5,13,21,1),
  (88,"X","2024-05-28 11:50:42",4,86,21,3),
  (89,"S","2024-09-21 22:59:48",1,162,21,2),
  (90,"S","2024-07-13 21:57:37",1,46,21,3),
  (91,"P","2024-03-07 11:14:27",6,250,21,2),
  (92,"P","2024-05-11 14:13:42",6,117,21,2),
  (93,"X","2024-08-11 01:59:28",5,27,21,3),
  (94,"X","2024-06-27 23:22:36",6,163,21,2),
  (95,"S","2024-06-25 09:19:04",4,239,21,2),
  (96,"S","2024-04-15 00:32:17",1,166,21,3),
  (97,"P","2024-01-14 11:04:17",4,71,21,3),
  (98,"P","2024-09-12 16:26:58",4,36,21,2),
  (99,"X","2024-12-25 15:25:27",2,12,21,2),
  (100,"X","2024-08-27 00:30:03",6,231,21,3);
INSERT INTO consultations (id,type,registered_date,patient_id,cause_id,department_id,doctor_id)
VALUES
  (101,"S","2024-09-26 06:56:10",6,234,21,2),
  (102,"S","2024-03-12 08:27:45",2,21,21,3),
  (103,"P","2024-03-31 06:22:07",4,97,21,4),
  (104,"P","2024-11-13 20:24:07",4,186,21,3),
  (105,"X","2025-02-07 13:13:43",5,231,21,5),
  (106,"X","2025-02-10 09:46:51",2,111,21,5),
  (107,"S","2024-10-15 15:38:53",6,149,21,1),
  (108,"S","2024-02-12 04:42:05",2,17,21,2),
  (109,"P","2024-06-24 17:03:46",4,94,21,4),
  (110,"P","2025-01-10 21:57:14",5,65,21,3),
  (111,"X","2024-11-30 05:18:09",6,81,21,4),
  (112,"X","2024-08-18 03:17:11",1,32,21,4),
  (113,"S","2025-01-15 19:41:02",4,232,21,3),
  (114,"S","2024-06-05 19:05:28",2,230,21,5),
  (115,"P","2024-04-26 16:53:55",7,38,21,4),
  (116,"P","2024-08-17 03:53:27",4,229,21,3),
  (117,"X","2024-08-21 21:47:04",7,103,21,4),
  (118,"X","2024-10-23 04:08:17",3,211,21,3),
  (119,"S","2024-10-13 22:41:08",3,246,21,4),
  (120,"S","2024-09-14 11:43:20",6,204,21,4),
  (121,"P","2024-05-25 00:29:24",4,244,21,1),
  (122,"P","2024-03-24 13:13:56",6,136,21,4),
  (123,"X","2025-02-04 02:39:23",3,167,21,3),
  (124,"X","2024-07-22 15:07:02",6,3,21,5),
  (125,"S","2024-08-27 10:17:16",6,100,21,4),
  (126,"S","2024-03-24 06:22:58",2,230,21,4),
  (127,"P","2024-09-23 13:59:30",2,111,21,2),
  (128,"P","2024-07-07 11:14:47",3,118,21,2),
  (129,"X","2024-07-27 10:07:00",2,128,21,3),
  (130,"X","2024-09-24 06:58:18",3,256,21,3),
  (131,"S","2024-04-17 21:53:51",6,176,21,4),
  (132,"S","2024-06-02 02:09:22",2,182,21,4),
  (133,"P","2024-08-12 19:32:36",6,217,21,4),
  (134,"P","2024-02-09 15:02:52",6,72,21,3),
  (135,"X","2024-07-11 14:20:10",6,195,21,5),
  (136,"X","2024-12-19 16:35:48",3,95,21,4),
  (137,"S","2024-02-06 07:34:31",3,4,21,4),
  (138,"S","2024-03-25 03:46:32",4,2,21,4),
  (139,"P","2024-01-20 00:50:39",4,151,21,4),
  (140,"P","2024-12-31 19:28:29",3,100,21,4),
  (141,"X","2024-07-30 14:17:35",1,154,21,1),
  (142,"X","2024-04-26 18:03:32",2,12,21,1),
  (143,"S","2025-01-30 08:49:21",4,217,21,1),
  (144,"S","2024-03-15 04:54:33",5,127,21,3),
  (145,"P","2024-10-01 01:24:44",2,124,21,4),
  (146,"P","2024-11-26 12:15:47",4,84,21,5),
  (147,"X","2024-07-10 10:53:21",3,189,21,4),
  (148,"X","2024-09-24 05:09:24",4,94,21,4),
  (149,"S","2024-07-02 20:00:58",1,137,21,2),
  (150,"S","2025-01-07 18:43:33",3,259,21,4);
INSERT INTO consultations (id,type,registered_date,patient_id,cause_id,department_id,doctor_id)
VALUES
  (151,"P","2024-09-02 01:23:05",5,140,21,2),
  (152,"P","2024-04-02 02:04:31",7,116,21,3),
  (153,"X","2025-02-17 16:40:13",4,51,21,3),
  (154,"X","2025-01-31 12:18:11",5,70,21,4),
  (155,"S","2024-07-18 06:21:19",5,212,21,1),
  (156,"S","2024-07-24 04:16:25",3,235,21,3),
  (157,"P","2024-10-22 13:32:28",7,2,21,1),
  (158,"P","2024-08-31 16:27:03",5,228,21,4),
  (159,"X","2024-07-11 19:42:41",2,63,21,3),
  (160,"X","2024-10-15 00:35:54",4,227,21,3),
  (161,"S","2024-03-03 20:51:03",1,62,21,2),
  (162,"S","2024-09-04 12:35:48",6,72,21,3),
  (163,"P","2024-12-08 12:45:39",1,7,21,4),
  (164,"P","2024-05-02 17:27:38",7,171,21,4),
  (165,"X","2024-04-13 00:16:09",7,87,21,4),
  (166,"X","2024-02-08 13:46:30",7,97,21,1),
  (167,"S","2024-06-05 11:51:11",5,39,21,2),
  (168,"S","2024-08-01 22:02:49",2,157,21,2),
  (169,"P","2025-01-10 01:07:34",1,262,21,2),
  (170,"P","2024-05-22 22:50:14",5,187,21,4),
  (171,"X","2024-09-17 20:17:12",3,250,21,4),
  (172,"X","2024-07-06 07:49:17",4,120,21,3),
  (173,"S","2024-03-14 18:00:19",4,136,21,4),
  (174,"S","2024-05-26 16:28:23",4,82,21,5),
  (175,"P","2024-02-17 13:16:30",4,53,21,2),
  (176,"P","2024-08-24 15:43:38",4,36,21,2),
  (177,"X","2024-03-14 16:29:27",3,102,21,4),
  (178,"X","2024-01-24 15:32:30",4,176,21,5),
  (179,"S","2024-12-26 04:34:37",3,264,21,3),
  (180,"S","2024-11-29 06:16:27",3,38,21,3),
  (181,"P","2024-06-29 12:38:16",5,51,21,2),
  (182,"P","2024-02-12 17:29:08",3,43,21,3),
  (183,"X","2024-12-25 03:25:42",7,254,21,3),
  (184,"X","2025-01-10 16:40:57",5,76,21,4),
  (185,"S","2024-03-29 12:57:21",7,199,21,2),
  (186,"S","2024-05-18 11:19:00",5,87,21,3),
  (187,"P","2024-03-30 08:05:16",2,60,21,5),
  (188,"P","2024-08-28 18:36:34",2,96,21,5),
  (189,"X","2025-02-12 18:57:04",4,172,21,1),
  (190,"X","2024-11-04 10:56:49",3,181,21,4),
  (191,"S","2024-06-02 03:50:24",4,198,21,4),
  (192,"S","2024-11-19 12:46:54",4,262,21,4),
  (193,"P","2024-05-19 22:21:23",2,203,21,5),
  (194,"P","2024-01-30 23:41:44",6,13,21,2),
  (195,"X","2024-08-30 18:30:41",3,184,21,5),
  (196,"X","2024-07-28 12:58:32",4,131,21,1),
  (197,"S","2024-02-14 14:36:21",7,29,21,2),
  (198,"S","2024-02-06 04:43:17",6,247,21,4),
  (199,"P","2024-07-27 22:41:26",2,243,21,1),
  (200,"P","2024-04-26 01:30:56",3,138,21,4);
INSERT INTO consultations (id,type,registered_date,patient_id,cause_id,department_id,doctor_id)
VALUES
  (201,"X","2024-08-01 14:38:19",3,91,21,2),
  (202,"X","2024-12-02 16:42:49",4,72,21,4),
  (203,"S","2024-08-11 21:56:23",4,22,21,2),
  (204,"S","2025-01-10 09:24:03",5,154,21,3),
  (205,"P","2025-02-12 12:46:39",4,193,21,4),
  (206,"P","2024-01-14 22:45:52",2,32,21,4),
  (207,"X","2024-05-21 10:06:23",4,236,21,4),
  (208,"X","2024-02-02 19:54:27",5,54,21,1),
  (209,"S","2024-12-11 14:54:45",2,231,21,2),
  (210,"S","2024-03-21 03:21:08",6,15,21,4),
  (211,"P","2024-09-26 06:58:29",3,151,21,5),
  (212,"P","2024-11-06 20:21:25",6,199,21,2),
  (213,"X","2024-03-18 10:45:18",6,109,21,2),
  (214,"X","2024-08-20 05:21:46",7,142,21,2),
  (215,"S","2024-05-18 09:04:02",7,133,21,3),
  (216,"S","2024-09-13 20:10:05",2,151,21,3),
  (217,"P","2025-02-15 09:45:49",7,112,21,1),
  (218,"P","2024-07-23 21:12:40",2,32,21,1),
  (219,"X","2024-02-03 02:23:28",6,32,21,4),
  (220,"X","2024-06-04 14:29:04",7,233,21,2),
  (221,"S","2024-03-15 08:28:35",2,60,21,4),
  (222,"S","2024-07-30 11:35:12",7,94,21,2),
  (223,"P","2024-07-30 21:19:58",5,213,21,1),
  (224,"P","2024-03-24 14:10:56",3,80,21,2),
  (225,"X","2024-01-20 12:37:56",5,123,21,2),
  (226,"X","2024-05-07 23:53:43",4,129,21,2),
  (227,"S","2024-05-25 02:49:19",6,222,21,4),
  (228,"S","2024-03-04 18:56:09",4,63,21,3),
  (229,"P","2024-08-11 23:15:13",1,203,21,4),
  (230,"P","2025-01-01 16:45:33",5,222,21,1),
  (231,"X","2024-09-18 13:13:48",3,85,21,3),
  (232,"X","2024-08-10 00:47:55",2,215,21,4),
  (233,"S","2024-03-13 06:28:48",2,241,21,1),
  (234,"S","2024-03-31 02:15:21",1,166,21,2),
  (235,"P","2024-07-18 01:44:18",2,142,21,2),
  (236,"P","2024-05-01 18:47:50",6,13,21,3),
  (237,"X","2024-08-28 20:39:15",2,186,21,5),
  (238,"X","2024-07-02 13:15:48",2,73,21,2),
  (239,"S","2024-12-23 19:20:19",1,156,21,5),
  (240,"S","2024-04-02 03:48:03",3,140,21,5),
  (241,"P","2025-01-07 19:05:53",2,188,21,2),
  (242,"P","2025-02-01 21:08:25",5,118,21,5),
  (243,"X","2024-11-16 11:46:53",3,64,21,2),
  (244,"X","2024-01-03 00:09:07",1,115,21,2),
  (245,"S","2024-02-04 18:57:30",3,27,21,5),
  (246,"S","2024-09-11 10:45:41",2,26,21,1),
  (247,"P","2024-03-23 08:24:55",6,133,21,2),
  (248,"P","2024-10-15 17:23:29",2,121,21,2),
  (249,"X","2024-09-30 08:49:46",3,56,21,2),
  (250,"X","2024-01-12 03:14:17",2,181,21,1);
INSERT INTO consultations (id,type,registered_date,patient_id,cause_id,department_id,doctor_id)
VALUES
  (251,"S","2024-10-15 14:47:34",2,210,21,3),
  (252,"S","2024-01-01 23:16:52",6,214,21,4),
  (253,"P","2024-10-03 06:07:05",1,108,21,3),
  (254,"P","2024-09-28 03:59:13",5,164,21,2),
  (255,"X","2025-01-26 20:54:16",5,81,21,2),
  (256,"X","2024-10-02 12:50:33",7,237,21,4),
  (257,"S","2024-08-16 14:33:38",2,165,21,1),
  (258,"S","2024-05-25 23:47:48",1,209,21,4),
  (259,"P","2024-11-03 14:43:19",3,50,21,5),
  (260,"P","2024-09-01 21:51:09",4,139,21,2),
  (261,"X","2024-07-25 09:32:57",7,124,21,5),
  (262,"X","2024-11-22 20:35:48",5,190,21,5),
  (263,"S","2024-08-22 16:32:29",2,209,21,2),
  (264,"S","2024-12-28 06:43:39",6,120,21,1),
  (265,"P","2024-04-27 22:14:01",7,81,21,2),
  (266,"P","2025-02-14 05:59:23",3,97,21,4),
  (267,"X","2024-07-06 16:05:31",1,94,21,3),
  (268,"X","2024-03-26 12:27:14",3,219,21,4),
  (269,"S","2024-04-08 00:00:14",7,68,21,5),
  (270,"S","2025-01-30 08:44:53",4,60,21,2),
  (271,"P","2024-04-25 17:22:48",3,113,21,3),
  (272,"P","2024-12-19 08:05:02",6,40,21,2),
  (273,"X","2024-06-13 20:33:45",4,161,21,1),
  (274,"X","2025-01-16 00:55:15",3,219,21,3),
  (275,"S","2024-06-07 04:23:24",4,83,21,2),
  (276,"S","2024-12-28 03:29:30",5,121,21,2),
  (277,"P","2024-03-07 18:57:59",4,5,21,3),
  (278,"P","2024-07-16 13:29:54",6,103,21,2),
  (279,"X","2024-06-25 23:31:40",1,111,21,2),
  (280,"X","2024-07-21 15:07:54",3,233,21,3),
  (281,"S","2024-05-18 09:41:55",6,108,21,3),
  (282,"S","2024-01-25 09:49:32",5,22,21,4),
  (283,"P","2024-02-19 05:31:25",6,80,21,3),
  (284,"P","2024-07-15 03:13:41",7,100,21,5),
  (285,"X","2024-11-22 21:15:51",1,167,21,4),
  (286,"X","2024-05-09 04:52:13",6,190,21,2),
  (287,"S","2025-01-31 12:35:49",3,224,21,5),
  (288,"S","2024-05-30 01:25:25",5,3,21,1),
  (289,"P","2024-11-04 02:13:08",5,218,21,2),
  (290,"P","2024-07-19 00:12:51",6,157,21,2),
  (291,"X","2024-04-06 00:02:47",3,71,21,4),
  (292,"X","2024-06-18 18:09:41",2,126,21,3),
  (293,"S","2024-12-31 05:09:50",5,62,21,5),
  (294,"S","2024-08-03 23:46:11",2,84,21,5),
  (295,"P","2024-10-14 01:35:06",3,232,21,3),
  (296,"P","2024-06-30 03:26:06",6,45,21,3),
  (297,"X","2024-12-16 11:05:05",6,176,21,2),
  (298,"X","2024-10-24 01:05:31",4,34,21,2),
  (299,"S","2024-10-19 06:18:57",4,266,21,2),
  (300,"S","2024-06-26 11:35:53",7,226,21,4);
INSERT INTO consultations (id,type,registered_date,patient_id,cause_id,department_id,doctor_id)
VALUES
  (301,"P","2024-01-17 22:53:40",7,4,21,2),
  (302,"P","2024-04-17 16:42:26",7,90,21,2),
  (303,"X","2024-01-21 01:55:50",2,117,21,4),
  (304,"X","2024-08-10 11:55:47",2,32,21,2),
  (305,"S","2025-02-14 04:59:50",7,56,21,5),
  (306,"S","2025-02-10 19:13:55",4,57,21,2),
  (307,"P","2024-07-19 02:19:42",3,16,21,1),
  (308,"P","2024-09-17 19:59:27",7,260,21,1),
  (309,"X","2024-01-25 12:45:07",3,157,21,2),
  (310,"X","2024-06-06 14:48:38",5,137,21,4),
  (311,"S","2024-09-07 04:24:41",7,29,21,1),
  (312,"S","2024-10-29 02:55:38",1,60,21,4),
  (313,"P","2024-07-12 23:38:09",5,6,21,2),
  (314,"P","2024-12-01 04:13:44",6,244,21,4),
  (315,"X","2024-10-24 10:18:38",2,197,21,4),
  (316,"X","2025-02-01 06:57:59",4,83,21,4),
  (317,"S","2024-07-22 15:18:44",2,234,21,3),
  (318,"S","2024-02-21 17:45:04",1,104,21,1),
  (319,"P","2025-01-02 10:40:23",2,122,21,1),
  (320,"P","2025-01-08 02:51:06",5,243,21,3),
  (321,"X","2024-02-22 21:29:15",3,149,21,5),
  (322,"X","2024-08-19 23:10:14",6,175,21,4),
  (323,"S","2024-03-19 04:25:45",7,73,21,2),
  (324,"S","2024-08-01 09:39:23",5,259,21,5),
  (325,"P","2024-11-06 23:13:47",6,62,21,1),
  (326,"P","2024-05-23 00:28:28",7,45,21,2),
  (327,"X","2024-10-19 11:48:29",3,260,21,3),
  (328,"X","2024-04-23 01:46:35",3,28,21,1),
  (329,"S","2024-01-17 20:29:09",2,215,21,4),
  (330,"S","2025-02-05 14:58:17",2,246,21,1),
  (331,"P","2024-10-30 14:17:51",7,111,21,4),
  (332,"P","2024-12-21 15:55:50",4,217,21,3),
  (333,"X","2024-08-03 20:39:59",2,77,21,4),
  (334,"X","2024-05-23 12:10:49",5,199,21,3),
  (335,"S","2024-03-04 03:09:40",1,66,21,1),
  (336,"S","2024-04-04 07:28:42",7,3,21,4),
  (337,"P","2024-01-06 19:10:44",1,257,21,3),
  (338,"P","2024-06-23 07:49:09",7,39,21,5),
  (339,"X","2025-01-12 16:27:05",5,218,21,4),
  (340,"X","2024-01-07 12:54:25",6,249,21,3),
  (341,"S","2025-02-01 10:02:51",5,32,21,4),
  (342,"S","2024-09-30 15:52:59",5,103,21,4),
  (343,"P","2024-12-23 22:28:40",5,233,21,4),
  (344,"P","2024-06-06 08:37:56",5,30,21,1),
  (345,"X","2024-02-08 10:48:30",6,139,21,5),
  (346,"X","2025-01-22 12:00:24",1,85,21,2),
  (347,"S","2024-03-18 02:53:54",2,152,21,1),
  (348,"S","2024-08-23 11:31:19",4,115,21,4),
  (349,"P","2024-06-09 23:44:19",4,116,21,3),
  (350,"P","2024-04-05 04:47:12",4,96,21,4);
INSERT INTO consultations (id,type,registered_date,patient_id,cause_id,department_id,doctor_id)
VALUES
  (351,"X","2024-10-28 22:28:27",6,226,21,3),
  (352,"X","2024-09-20 06:03:23",1,179,21,4),
  (353,"S","2024-02-28 01:02:11",6,203,21,2),
  (354,"S","2024-11-18 10:51:55",2,205,21,2),
  (355,"P","2024-09-18 11:25:15",6,19,21,4),
  (356,"P","2024-09-13 03:38:55",2,139,21,3),
  (357,"X","2024-10-26 11:32:40",3,56,21,3),
  (358,"X","2024-11-16 07:24:53",6,107,21,3),
  (359,"S","2025-01-08 22:57:14",5,139,21,3),
  (360,"S","2024-01-22 14:15:36",4,193,21,1),
  (361,"P","2025-01-03 23:48:35",6,165,21,2),
  (362,"P","2024-06-13 05:19:58",7,183,21,1),
  (363,"X","2024-04-12 07:12:05",4,228,21,4),
  (364,"X","2024-03-31 03:36:57",2,217,21,5),
  (365,"S","2024-03-17 02:58:59",2,109,21,4),
  (366,"S","2024-01-01 03:27:41",3,212,21,4),
  (367,"P","2024-04-20 04:35:46",2,89,21,4),
  (368,"P","2024-09-08 04:52:25",2,256,21,2),
  (369,"X","2024-07-22 06:16:01",6,169,21,2),
  (370,"X","2024-03-17 04:23:00",4,234,21,4),
  (371,"S","2024-04-16 02:30:16",1,34,21,5),
  (372,"S","2024-03-13 11:35:29",2,261,21,4),
  (373,"P","2024-09-10 22:00:59",6,161,21,2),
  (374,"P","2024-06-08 14:52:47",2,123,21,3),
  (375,"X","2024-12-21 16:06:54",6,151,21,4),
  (376,"X","2024-12-06 05:50:16",5,121,21,1),
  (377,"S","2024-02-24 01:02:46",1,57,21,4),
  (378,"S","2024-10-28 23:43:26",4,173,21,1),
  (379,"P","2024-06-23 05:35:21",7,236,21,4),
  (380,"P","2025-01-11 10:06:51",3,154,21,3),
  (381,"X","2024-12-03 11:38:25",2,48,21,4),
  (382,"X","2024-12-20 07:11:21",5,193,21,3),
  (383,"S","2024-01-09 00:27:07",1,268,21,3),
  (384,"S","2024-12-30 06:25:42",2,253,21,4),
  (385,"P","2024-02-12 11:58:10",4,222,21,1),
  (386,"P","2024-04-27 08:53:30",5,86,21,5),
  (387,"X","2025-01-12 16:08:59",3,147,21,4),
  (388,"X","2024-06-26 15:19:50",3,32,21,2),
  (389,"S","2024-11-18 21:31:18",6,153,21,3),
  (390,"S","2025-02-11 06:58:12",7,115,21,1),
  (391,"P","2025-02-09 22:09:12",7,226,21,1),
  (392,"P","2024-04-14 19:04:09",4,226,21,3),
  (393,"X","2024-11-25 14:09:26",1,260,21,1),
  (394,"X","2024-11-07 09:54:27",4,2,21,2),
  (395,"S","2024-05-09 05:29:19",5,18,21,5),
  (396,"S","2024-07-18 16:37:39",3,243,21,2),
  (397,"P","2024-08-03 20:44:42",2,158,21,3),
  (398,"P","2024-12-01 15:24:50",5,162,21,3),
  (399,"X","2024-10-03 08:32:23",6,196,21,3),
  (400,"X","2024-10-30 11:03:07",4,74,21,4);
INSERT INTO consultations (id,type,registered_date,patient_id,cause_id,department_id,doctor_id)
VALUES
  (401,"S","2024-07-12 19:40:51",5,17,21,3),
  (402,"S","2024-01-06 03:56:06",7,141,21,1),
  (403,"P","2024-08-22 23:02:14",6,64,21,2),
  (404,"P","2025-02-04 06:16:45",2,257,21,3),
  (405,"X","2024-09-08 15:45:41",5,118,21,5),
  (406,"X","2024-09-25 20:20:35",2,26,21,5),
  (407,"S","2024-12-28 23:18:36",4,90,21,2),
  (408,"S","2024-09-10 23:28:36",5,117,21,4),
  (409,"P","2024-07-03 07:54:11",2,175,21,3),
  (410,"P","2025-01-27 15:56:44",3,190,21,3),
  (411,"X","2024-08-12 20:46:47",5,249,21,3),
  (412,"X","2025-01-08 18:45:54",7,200,21,2),
  (413,"S","2025-02-03 01:20:49",6,48,21,2),
  (414,"S","2024-12-28 08:44:47",4,30,21,3),
  (415,"P","2025-01-01 12:54:31",3,142,21,4),
  (416,"P","2024-10-22 20:57:16",5,71,21,2),
  (417,"X","2024-08-27 06:40:42",4,189,21,2),
  (418,"X","2024-08-16 14:44:28",7,8,21,2),
  (419,"S","2024-12-06 17:46:03",7,187,21,3),
  (420,"S","2024-10-17 15:21:51",3,34,21,1),
  (421,"P","2024-02-20 07:47:58",6,5,21,2),
  (422,"P","2024-09-09 12:07:07",1,121,21,5),
  (423,"X","2024-02-19 17:16:14",4,116,21,2),
  (424,"X","2024-01-08 04:33:43",1,67,21,3),
  (425,"S","2024-05-30 17:41:03",4,61,21,2),
  (426,"S","2024-11-30 03:53:29",6,35,21,1),
  (427,"P","2024-03-27 13:45:17",4,17,21,1),
  (428,"P","2024-10-24 17:43:58",1,255,21,2),
  (429,"X","2024-03-18 06:57:30",6,163,21,3),
  (430,"X","2024-02-01 05:14:50",4,255,21,3),
  (431,"S","2025-02-13 14:25:20",4,201,21,4),
  (432,"S","2024-08-02 00:06:20",5,126,21,3),
  (433,"P","2024-05-05 15:26:50",6,249,21,4),
  (434,"P","2024-08-30 15:14:31",5,179,21,4),
  (435,"X","2024-12-07 02:08:22",5,209,21,3),
  (436,"X","2024-10-12 01:37:46",2,253,21,3),
  (437,"S","2024-12-06 06:28:31",5,234,21,3),
  (438,"S","2024-10-16 18:06:48",2,228,21,4),
  (439,"P","2024-07-18 19:55:50",5,15,21,1),
  (440,"P","2024-12-12 01:24:52",2,74,21,1),
  (441,"X","2024-06-15 19:47:34",7,121,21,3),
  (442,"X","2024-01-06 19:00:32",7,13,21,3),
  (443,"S","2024-03-17 09:19:53",4,88,21,3),
  (444,"S","2024-06-14 12:58:41",4,15,21,5),
  (445,"P","2024-06-23 10:29:38",3,105,21,3),
  (446,"P","2024-03-07 16:01:39",5,225,21,3),
  (447,"X","2024-10-31 12:20:58",6,26,21,2),
  (448,"X","2024-04-29 08:08:36",2,42,21,4),
  (449,"S","2024-09-09 08:08:21",3,96,21,5),
  (450,"S","2024-10-16 16:56:35",2,189,21,2);
INSERT INTO consultations (id,type,registered_date,patient_id,cause_id,department_id,doctor_id)
VALUES
  (451,"P","2024-09-11 13:02:08",4,130,21,5),
  (452,"P","2024-07-21 04:39:07",5,89,21,1),
  (453,"X","2024-02-20 15:24:16",6,175,21,4),
  (454,"X","2024-06-03 04:49:52",5,86,21,1),
  (455,"S","2024-05-23 08:48:23",3,250,21,4),
  (456,"S","2024-12-01 18:26:20",5,185,21,3),
  (457,"P","2024-04-19 13:24:20",4,47,21,2),
  (458,"P","2024-06-15 19:14:26",5,199,21,2),
  (459,"X","2024-06-08 07:26:56",3,14,21,4),
  (460,"X","2024-05-06 06:37:09",7,16,21,3),
  (461,"S","2025-01-06 22:02:21",4,89,21,2),
  (462,"S","2024-05-19 08:09:36",3,11,21,5),
  (463,"P","2024-09-12 05:04:53",2,98,21,3),
  (464,"P","2025-02-03 20:08:09",4,125,21,2),
  (465,"X","2024-01-06 09:12:06",5,130,21,2),
  (466,"X","2025-02-11 20:35:44",2,4,21,2),
  (467,"S","2024-04-12 01:45:36",5,201,21,3),
  (468,"S","2024-07-02 19:23:10",5,137,21,3),
  (469,"P","2024-05-10 17:40:33",4,10,21,1),
  (470,"P","2024-12-09 21:26:21",3,155,21,4),
  (471,"X","2024-04-14 12:53:36",6,212,21,4),
  (472,"X","2024-04-11 19:36:27",7,140,21,3),
  (473,"S","2024-10-06 14:14:55",3,184,21,2),
  (474,"S","2024-11-27 12:11:40",4,252,21,4),
  (475,"P","2024-12-18 06:39:25",2,10,21,4),
  (476,"P","2024-08-09 11:28:54",5,34,21,2),
  (477,"X","2024-03-04 15:11:06",7,77,21,5),
  (478,"X","2024-08-22 14:39:36",6,147,21,2),
  (479,"S","2024-06-09 21:29:19",2,63,21,4),
  (480,"S","2024-07-13 04:58:30",6,200,21,1),
  (481,"P","2024-08-12 08:46:38",3,196,21,1),
  (482,"P","2024-08-08 01:47:45",6,168,21,3),
  (483,"X","2024-04-09 03:31:42",6,55,21,1),
  (484,"X","2024-06-26 16:49:49",4,164,21,2),
  (485,"S","2024-09-09 18:06:56",6,236,21,1),
  (486,"S","2024-06-03 08:27:00",6,145,21,1),
  (487,"P","2024-12-19 16:10:38",4,262,21,5),
  (488,"P","2024-02-13 20:04:25",6,11,21,3),
  (489,"X","2024-09-20 12:22:39",5,198,21,4),
  (490,"X","2024-01-16 17:01:09",5,257,21,2),
  (491,"S","2025-01-13 17:35:14",4,250,21,1),
  (492,"S","2024-07-18 03:28:36",1,75,21,1),
  (493,"P","2024-05-03 04:05:47",6,201,21,2),
  (494,"P","2024-02-23 18:46:18",2,37,21,1),
  (495,"X","2024-06-13 13:14:36",5,248,21,3),
  (496,"X","2024-06-08 09:51:39",6,32,21,2),
  (497,"S","2024-02-13 18:13:04",2,13,21,4),
  (498,"S","2024-04-07 16:59:49",7,238,21,4),
  (499,"P","2024-07-18 02:49:09",5,206,21,5),
  (500,"P","2024-12-28 03:45:42",5,219,21,3);

INSERT INTO consultations (id,type,registered_date,patient_id,cause_id,department_id,doctor_id)
VALUES
  (501,"P","2024-04-29 05:18:15",6,205,21,4),
  (502,"P","2025-01-15 13:14:52",6,5,21,2),
  (503,"X","2024-02-18 11:54:23",3,22,21,4),
  (504,"X","2024-10-19 12:18:06",6,112,21,2),
  (505,"S","2024-03-11 00:04:18",1,33,21,2),
  (506,"S","2025-02-14 00:34:41",4,85,21,4),
  (507,"P","2024-03-22 19:34:50",1,202,21,1),
  (508,"P","2024-08-24 10:59:04",6,238,21,4),
  (509,"X","2024-09-18 21:00:06",6,265,21,4),
  (510,"X","2024-07-17 12:08:06",7,87,21,4),
  (511,"S","2024-11-05 18:34:19",2,27,21,4),
  (512,"S","2024-10-16 08:27:45",5,203,21,4),
  (513,"P","2024-11-07 05:02:30",3,216,21,1),
  (514,"P","2024-02-14 08:25:24",2,247,21,2),
  (515,"X","2025-01-18 23:26:26",6,74,21,2),
  (516,"X","2024-03-13 22:02:48",7,151,21,3),
  (517,"S","2024-10-26 23:31:30",3,62,21,4),
  (518,"S","2024-01-17 21:30:59",4,147,21,4),
  (519,"P","2024-08-20 15:24:47",3,123,21,1),
  (520,"P","2025-02-08 04:48:29",3,74,21,5),
  (521,"X","2024-06-24 02:17:58",3,206,21,5),
  (522,"X","2025-01-31 14:54:28",4,152,21,5),
  (523,"S","2024-02-05 13:07:37",3,3,21,4),
  (524,"S","2024-06-03 20:22:59",5,178,21,4),
  (525,"P","2024-01-28 00:46:33",6,106,21,1),
  (526,"P","2024-08-17 05:19:43",1,252,21,4),
  (527,"X","2024-07-01 04:31:49",5,145,21,3),
  (528,"X","2024-03-14 23:07:41",4,250,21,2),
  (529,"S","2024-10-26 00:51:49",5,100,21,3),
  (530,"S","2024-02-07 00:21:58",6,211,21,3),
  (531,"P","2024-09-13 10:31:58",3,171,21,4),
  (532,"P","2024-08-30 10:25:05",2,100,21,3),
  (533,"X","2024-09-02 11:16:24",1,73,21,4),
  (534,"X","2024-05-19 06:26:15",4,256,21,4),
  (535,"S","2024-01-05 05:19:40",2,105,21,4),
  (536,"S","2024-04-30 02:41:57",2,227,21,3),
  (537,"P","2024-02-24 03:36:11",2,116,21,3),
  (538,"P","2025-02-16 01:57:56",2,221,21,2),
  (539,"X","2024-09-22 11:23:06",6,262,21,3),
  (540,"X","2024-10-24 11:26:07",6,234,21,3),
  (541,"S","2024-04-04 15:38:28",7,153,21,4),
  (542,"S","2024-09-26 15:36:53",4,232,21,5),
  (543,"P","2024-03-22 20:46:16",2,2,21,2),
  (544,"P","2024-09-04 22:45:33",4,98,21,2),
  (545,"X","2024-06-09 12:14:24",5,162,21,3),
  (546,"X","2024-03-01 18:22:32",2,225,21,5),
  (547,"S","2024-08-10 10:34:41",5,263,21,2),
  (548,"S","2024-06-24 00:18:49",5,31,21,4),
  (549,"P","2024-09-14 03:56:57",2,171,21,4),
  (550,"P","2024-12-17 18:42:32",1,267,21,5);
INSERT INTO consultations (id,type,registered_date,patient_id,cause_id,department_id,doctor_id)
VALUES
  (551,"X","2024-01-05 11:03:57",1,48,21,4),
  (552,"X","2024-12-13 07:39:33",2,66,21,1),
  (553,"S","2024-06-22 16:50:45",1,173,21,5),
  (554,"S","2024-10-06 00:23:26",4,110,21,5),
  (555,"P","2024-06-17 16:36:16",7,36,21,3),
  (556,"P","2024-07-02 03:30:25",3,192,21,4),
  (557,"X","2024-10-06 06:41:01",3,214,21,4),
  (558,"X","2024-03-15 09:38:07",5,21,21,4),
  (559,"S","2024-06-27 06:18:25",1,246,21,2),
  (560,"S","2024-08-22 21:35:54",6,98,21,4),
  (561,"P","2024-04-11 05:34:38",5,264,21,4),
  (562,"P","2024-04-16 07:32:08",7,28,21,2),
  (563,"X","2024-06-24 05:45:07",2,163,21,4),
  (564,"X","2024-10-11 14:28:39",2,60,21,3),
  (565,"S","2024-06-30 19:39:11",7,19,21,3),
  (566,"S","2024-04-27 00:30:52",7,206,21,5),
  (567,"P","2024-11-08 07:38:13",6,240,21,3),
  (568,"P","2025-01-28 01:08:55",3,5,21,1),
  (569,"X","2024-06-09 13:22:34",2,163,21,4),
  (570,"X","2024-11-01 00:12:56",6,102,21,5),
  (571,"S","2024-09-24 01:06:54",6,269,21,2),
  (572,"S","2024-11-01 12:22:28",3,242,21,3),
  (573,"P","2024-05-14 14:35:43",2,235,21,1),
  (574,"P","2024-03-30 23:29:14",2,264,21,1),
  (575,"X","2024-10-01 15:22:33",6,82,21,2),
  (576,"X","2024-03-12 20:50:23",6,148,21,2),
  (577,"S","2024-06-22 02:31:29",2,47,21,2),
  (578,"S","2024-02-20 23:24:58",6,142,21,5),
  (579,"P","2024-07-06 17:25:08",5,14,21,3),
  (580,"P","2024-04-15 17:17:22",6,112,21,4),
  (581,"X","2024-09-10 18:46:16",3,108,21,1),
  (582,"X","2025-02-16 05:56:17",5,35,21,3),
  (583,"S","2024-01-19 06:57:30",3,19,21,3),
  (584,"S","2024-10-01 10:52:26",6,165,21,4),
  (585,"P","2024-01-26 04:37:30",4,39,21,4),
  (586,"P","2024-06-05 16:25:32",5,207,21,3),
  (587,"X","2024-04-24 10:01:56",6,137,21,1),
  (588,"X","2024-03-22 10:46:17",3,140,21,3),
  (589,"S","2024-06-18 06:58:57",3,50,21,2),
  (590,"S","2025-01-03 01:00:45",6,156,21,4),
  (591,"P","2024-02-12 21:00:05",4,157,21,1),
  (592,"P","2024-03-04 03:05:17",2,62,21,5),
  (593,"X","2024-10-22 17:31:28",5,259,21,3),
  (594,"X","2024-12-13 14:11:25",4,265,21,1),
  (595,"S","2024-06-14 16:13:22",5,183,21,3),
  (596,"S","2024-02-23 06:43:47",2,203,21,1),
  (597,"P","2024-06-24 21:25:22",4,103,21,4),
  (598,"P","2025-01-06 09:28:17",6,14,21,3),
  (599,"X","2024-08-17 18:04:31",4,222,21,3),
  (600,"X","2024-08-15 20:45:35",6,204,21,5);
INSERT INTO consultations (id,type,registered_date,patient_id,cause_id,department_id,doctor_id)
VALUES
  (601,"S","2024-02-21 11:44:03",1,206,21,3),
  (602,"S","2024-05-01 21:38:50",4,99,21,4),
  (603,"P","2024-09-08 00:58:20",6,35,21,3),
  (604,"P","2024-12-12 03:17:10",2,90,21,2),
  (605,"X","2024-01-04 01:21:18",5,102,21,5),
  (606,"X","2024-03-11 22:48:34",5,2,21,4),
  (607,"S","2024-12-12 23:35:00",7,150,21,2),
  (608,"S","2025-02-13 04:12:27",5,25,21,4),
  (609,"P","2024-11-12 16:57:56",5,104,21,5),
  (610,"P","2024-03-30 06:07:51",7,215,21,3),
  (611,"X","2024-11-03 22:56:31",5,116,21,2),
  (612,"X","2024-05-10 22:09:07",7,189,21,5),
  (613,"S","2024-09-01 14:36:04",2,133,21,2),
  (614,"S","2024-11-01 10:13:45",2,69,21,2),
  (615,"P","2024-08-10 14:23:40",2,179,21,2),
  (616,"P","2024-06-10 08:26:42",2,269,21,4),
  (617,"X","2024-07-30 09:45:34",5,51,21,3),
  (618,"X","2024-04-13 15:23:33",7,194,21,2),
  (619,"S","2024-12-06 13:44:17",2,188,21,4),
  (620,"S","2025-01-26 07:16:18",5,140,21,1),
  (621,"P","2024-07-13 05:37:17",4,199,21,3),
  (622,"P","2024-10-19 02:24:36",3,233,21,3),
  (623,"X","2024-04-12 15:01:41",5,135,21,3),
  (624,"X","2024-10-24 21:29:22",1,157,21,4),
  (625,"S","2024-01-01 05:13:35",2,130,21,4),
  (626,"S","2024-05-10 21:36:41",5,9,21,2),
  (627,"P","2024-12-29 10:11:55",3,100,21,2),
  (628,"P","2024-10-17 12:19:03",4,84,21,3),
  (629,"X","2024-04-13 14:35:10",5,63,21,4),
  (630,"X","2024-03-24 02:26:33",1,69,21,2),
  (631,"S","2024-05-24 05:00:00",2,193,21,4),
  (632,"S","2024-05-06 14:39:41",7,227,21,2),
  (633,"P","2024-10-12 16:03:20",2,149,21,3),
  (634,"P","2025-02-02 19:39:41",2,113,21,4),
  (635,"X","2024-03-13 09:00:57",2,197,21,3),
  (636,"X","2024-01-20 22:55:08",4,180,21,5),
  (637,"S","2024-12-13 08:57:08",1,155,21,3),
  (638,"S","2024-02-10 19:59:06",6,207,21,5),
  (639,"P","2024-07-04 02:50:49",2,246,21,2),
  (640,"P","2024-06-26 14:03:11",2,119,21,3),
  (641,"X","2025-01-30 13:43:02",3,193,21,3),
  (642,"X","2024-01-13 13:55:09",3,239,21,4),
  (643,"S","2024-01-16 13:16:20",3,114,21,2),
  (644,"S","2024-06-27 15:38:05",4,14,21,3),
  (645,"P","2024-01-23 15:57:47",3,88,21,4),
  (646,"P","2024-09-27 21:04:27",6,80,21,4),
  (647,"X","2024-04-16 11:39:01",6,231,21,3),
  (648,"X","2024-05-10 10:47:29",4,23,21,3),
  (649,"S","2024-10-10 22:09:04",2,78,21,4),
  (650,"S","2024-12-19 03:57:03",2,93,21,2);
INSERT INTO consultations (id,type,registered_date,patient_id,cause_id,department_id,doctor_id)
VALUES
  (651,"P","2024-01-08 06:13:26",6,207,21,4),
  (652,"P","2024-12-10 10:41:08",3,206,21,3),
  (653,"X","2024-11-10 12:34:53",2,133,21,3),
  (654,"X","2024-09-08 14:25:46",4,125,21,2),
  (655,"S","2024-09-15 17:56:19",3,119,21,3),
  (656,"S","2024-05-02 23:28:38",5,263,21,2),
  (657,"P","2024-04-09 11:37:09",6,232,21,4),
  (658,"P","2024-11-08 16:24:13",3,19,21,4),
  (659,"X","2024-01-23 18:25:59",2,225,21,4),
  (660,"X","2024-10-19 17:19:57",5,117,21,3),
  (661,"S","2025-02-18 01:49:36",2,102,21,5),
  (662,"S","2024-07-11 00:29:37",3,24,21,3),
  (663,"P","2024-07-14 12:01:07",4,54,21,2),
  (664,"P","2024-07-09 22:56:07",5,114,21,4),
  (665,"X","2024-07-16 04:50:17",6,82,21,1),
  (666,"X","2024-06-04 14:32:26",6,60,21,1),
  (667,"S","2024-10-02 04:14:29",3,100,21,5),
  (668,"S","2024-10-24 17:33:22",2,235,21,3),
  (669,"P","2024-09-22 00:20:11",3,251,21,3),
  (670,"P","2024-10-16 09:12:04",5,52,21,1),
  (671,"X","2024-08-21 01:36:04",5,40,21,4),
  (672,"X","2025-02-20 12:10:02",1,53,21,2),
  (673,"S","2024-01-09 19:19:48",7,165,21,3),
  (674,"S","2025-01-15 12:26:42",7,198,21,2),
  (675,"P","2024-08-31 01:05:52",4,154,21,2),
  (676,"P","2024-10-02 18:23:11",3,148,21,4),
  (677,"X","2024-04-23 10:10:26",4,243,21,4),
  (678,"X","2024-06-13 07:02:16",2,189,21,2),
  (679,"S","2025-01-29 03:31:19",5,210,21,3),
  (680,"S","2024-09-21 08:10:55",4,103,21,2),
  (681,"P","2024-10-19 21:06:34",6,6,21,1),
  (682,"P","2024-04-23 02:34:48",5,141,21,2),
  (683,"X","2024-09-12 19:15:56",2,151,21,3),
  (684,"X","2024-05-30 08:14:20",4,17,21,3),
  (685,"S","2024-10-04 05:51:36",1,16,21,2),
  (686,"S","2024-08-27 01:34:22",3,86,21,1),
  (687,"P","2024-02-25 06:50:45",2,150,21,4),
  (688,"P","2024-08-12 07:27:05",5,118,21,4),
  (689,"X","2024-10-14 13:35:15",4,173,21,5),
  (690,"X","2024-09-05 15:42:08",3,17,21,2),
  (691,"S","2024-03-23 13:01:06",4,247,21,2),
  (692,"S","2024-06-12 05:37:04",2,205,21,2),
  (693,"P","2024-03-03 12:48:48",5,161,21,1),
  (694,"P","2024-10-04 22:16:46",6,244,21,2),
  (695,"X","2024-12-10 20:14:19",6,184,21,3),
  (696,"X","2024-08-13 01:44:26",6,201,21,5),
  (697,"S","2024-03-22 21:22:45",6,269,21,2),
  (698,"S","2024-05-22 16:35:59",4,22,21,4),
  (699,"P","2024-09-27 21:42:28",4,211,21,2),
  (700,"P","2024-07-19 11:39:33",4,20,21,4);
INSERT INTO consultations (id,type,registered_date,patient_id,cause_id,department_id,doctor_id)
VALUES
  (701,"X","2024-07-19 13:51:16",5,48,21,3),
  (702,"X","2024-09-03 22:43:33",4,165,21,2),
  (703,"S","2024-06-14 22:31:31",3,253,21,4),
  (704,"S","2024-02-02 08:11:16",3,249,21,2),
  (705,"P","2025-01-13 15:40:27",3,103,21,2),
  (706,"P","2024-06-04 14:28:53",7,163,21,2),
  (707,"X","2024-04-28 01:00:01",4,170,21,3),
  (708,"X","2024-04-23 13:31:43",3,43,21,2),
  (709,"S","2024-01-10 11:22:25",7,180,21,4),
  (710,"S","2024-03-04 12:12:26",4,210,21,4),
  (711,"P","2024-12-31 17:11:58",4,147,21,5),
  (712,"P","2024-11-13 01:08:34",5,125,21,4),
  (713,"X","2025-01-31 18:16:17",7,234,21,1),
  (714,"X","2024-05-13 09:20:40",6,65,21,4),
  (715,"S","2024-04-24 20:58:15",5,56,21,4),
  (716,"S","2024-09-30 03:50:01",6,86,21,3),
  (717,"P","2024-06-11 16:05:05",7,17,21,1),
  (718,"P","2024-11-17 08:39:09",2,186,21,1),
  (719,"X","2024-07-05 11:46:39",2,195,21,2),
  (720,"X","2024-03-26 21:44:17",2,225,21,1),
  (721,"S","2024-12-16 12:53:22",4,100,21,4),
  (722,"S","2025-01-28 23:35:50",2,7,21,4),
  (723,"P","2024-03-14 23:16:56",3,23,21,4),
  (724,"P","2025-01-14 16:50:49",5,17,21,4),
  (725,"X","2024-02-23 15:24:00",3,226,21,2),
  (726,"X","2024-10-19 07:54:20",4,189,21,2),
  (727,"S","2024-03-03 18:09:24",6,129,21,4),
  (728,"S","2024-12-31 18:45:13",2,213,21,2),
  (729,"P","2024-09-09 18:35:54",1,218,21,3),
  (730,"P","2024-07-02 19:50:15",5,134,21,1),
  (731,"X","2024-08-02 07:52:07",1,267,21,4),
  (732,"X","2024-12-07 16:12:50",3,221,21,5),
  (733,"S","2024-01-16 05:10:49",6,167,21,5),
  (734,"S","2024-05-02 15:39:30",5,176,21,3),
  (735,"P","2024-05-26 04:14:40",2,12,21,3),
  (736,"P","2024-02-16 17:24:07",7,143,21,3),
  (737,"X","2024-06-10 02:58:41",2,230,21,3),
  (738,"X","2025-02-09 20:26:41",7,131,21,2),
  (739,"S","2024-01-31 00:05:08",2,6,21,2),
  (740,"S","2024-06-02 20:51:26",4,254,21,2),
  (741,"P","2024-02-21 12:03:54",6,4,21,2),
  (742,"P","2024-08-17 01:40:49",3,61,21,1),
  (743,"X","2024-02-01 11:49:50",4,136,21,1),
  (744,"X","2024-05-10 00:29:40",4,109,21,5),
  (745,"S","2025-02-18 09:13:18",3,71,21,1),
  (746,"S","2024-10-12 21:55:07",2,15,21,2),
  (747,"P","2025-02-17 11:37:39",5,80,21,2),
  (748,"P","2024-02-17 14:06:53",2,266,21,3),
  (749,"X","2024-04-02 13:10:59",6,50,21,4),
  (750,"X","2024-02-06 05:49:24",6,221,21,4);
INSERT INTO consultations (id,type,registered_date,patient_id,cause_id,department_id,doctor_id)
VALUES
  (751,"S","2025-02-19 19:38:03",4,144,21,4),
  (752,"S","2024-08-17 02:29:28",7,92,21,3),
  (753,"P","2024-02-20 23:08:48",6,159,21,2),
  (754,"P","2025-01-27 10:32:38",2,109,21,2),
  (755,"X","2024-04-10 13:26:46",2,254,21,5),
  (756,"X","2024-01-11 11:00:35",3,118,21,1),
  (757,"S","2024-04-02 19:03:48",2,171,21,4),
  (758,"S","2024-09-21 00:11:59",6,43,21,2),
  (759,"P","2024-12-12 16:54:14",7,171,21,1),
  (760,"P","2024-06-30 12:01:54",3,58,21,4),
  (761,"X","2024-06-05 20:20:28",6,108,21,2),
  (762,"X","2024-03-05 17:45:05",3,180,21,4),
  (763,"S","2024-07-03 06:53:20",2,231,21,3),
  (764,"S","2024-01-17 18:31:56",6,21,21,3),
  (765,"P","2024-05-23 11:42:33",2,12,21,4),
  (766,"P","2024-12-19 20:06:53",5,14,21,2),
  (767,"X","2024-11-28 20:52:40",2,247,21,3),
  (768,"X","2025-01-16 07:34:18",3,33,21,3),
  (769,"S","2025-02-03 17:37:43",5,92,21,3),
  (770,"S","2025-02-03 22:28:17",4,230,21,5),
  (771,"P","2024-04-28 09:25:29",5,241,21,1),
  (772,"P","2024-05-15 04:54:54",4,133,21,4),
  (773,"X","2024-07-19 13:08:35",6,23,21,4),
  (774,"X","2024-04-14 18:09:28",4,260,21,2),
  (775,"S","2024-02-14 21:15:04",5,235,21,5),
  (776,"S","2024-03-16 21:34:14",7,81,21,2),
  (777,"P","2024-07-28 09:59:03",7,149,21,2),
  (778,"P","2024-08-27 10:38:15",7,189,21,4),
  (779,"X","2024-06-09 06:20:07",2,2,21,2),
  (780,"X","2024-01-17 21:54:29",4,106,21,5),
  (781,"S","2024-03-11 13:09:50",1,190,21,3),
  (782,"S","2024-12-11 20:15:15",4,69,21,2),
  (783,"P","2024-03-19 15:01:39",2,169,21,5),
  (784,"P","2025-01-24 13:26:23",7,200,21,4),
  (785,"X","2025-02-05 20:12:17",2,134,21,4),
  (786,"X","2024-02-06 21:47:44",2,8,21,1),
  (787,"S","2024-04-16 19:22:47",5,50,21,4),
  (788,"S","2024-06-15 18:13:53",3,59,21,4),
  (789,"P","2024-04-12 02:59:26",5,50,21,1),
  (790,"P","2024-08-29 03:46:19",2,57,21,4),
  (791,"X","2024-04-01 02:33:43",6,30,21,4),
  (792,"X","2024-02-28 22:29:37",2,113,21,3),
  (793,"S","2024-08-30 14:21:16",3,153,21,3),
  (794,"S","2024-03-27 03:19:09",5,92,21,2),
  (795,"P","2025-01-08 13:25:54",4,241,21,5),
  (796,"P","2024-04-18 11:47:43",5,122,21,2),
  (797,"X","2024-02-21 15:16:12",1,169,21,3),
  (798,"X","2024-07-19 22:45:32",4,53,21,5),
  (799,"S","2025-01-01 11:06:54",5,251,21,2),
  (800,"S","2024-12-10 15:17:36",4,174,21,5);
INSERT INTO consultations (id,type,registered_date,patient_id,cause_id,department_id,doctor_id)
VALUES
  (801,"P","2024-03-19 20:01:18",4,218,21,4),
  (802,"P","2024-12-01 00:56:58",4,128,21,5),
  (803,"X","2024-08-19 22:03:29",6,190,21,4),
  (804,"X","2024-04-10 11:34:00",1,179,21,2),
  (805,"S","2024-07-24 11:29:03",6,106,21,2),
  (806,"S","2024-10-31 10:55:38",3,99,21,5),
  (807,"P","2024-04-24 08:27:06",3,128,21,2),
  (808,"P","2025-02-10 03:54:02",6,86,21,5),
  (809,"X","2024-10-09 23:11:07",3,165,21,4),
  (810,"X","2024-06-27 22:40:59",7,106,21,3),
  (811,"S","2024-07-14 18:10:10",5,65,21,3),
  (812,"S","2024-08-14 09:13:50",1,112,21,2),
  (813,"P","2024-04-17 00:26:56",6,54,21,4),
  (814,"P","2024-08-16 06:26:39",5,165,21,3),
  (815,"X","2024-01-20 04:38:54",5,63,21,3),
  (816,"X","2024-04-20 11:15:35",5,156,21,4),
  (817,"S","2024-08-28 10:15:59",6,205,21,4),
  (818,"S","2024-10-13 01:37:25",3,198,21,2),
  (819,"P","2024-10-02 15:14:25",2,255,21,3),
  (820,"P","2024-07-23 19:46:00",2,142,21,3),
  (821,"X","2024-12-15 22:10:17",5,246,21,2),
  (822,"X","2024-04-19 15:48:19",2,269,21,3),
  (823,"S","2024-03-20 00:37:57",2,175,21,1),
  (824,"S","2024-08-25 17:10:30",4,92,21,4),
  (825,"P","2024-06-14 12:03:53",1,104,21,5),
  (826,"P","2025-02-08 04:58:58",3,255,21,2),
  (827,"X","2025-01-15 13:12:11",1,151,21,3),
  (828,"X","2024-08-26 09:08:15",6,28,21,3),
  (829,"S","2024-05-15 08:26:48",4,45,21,4),
  (830,"S","2024-10-15 12:10:54",7,10,21,3),
  (831,"P","2024-08-24 01:01:56",6,232,21,2),
  (832,"P","2024-11-28 03:56:40",5,133,21,4),
  (833,"X","2024-10-22 05:58:13",7,120,21,5),
  (834,"X","2025-01-29 06:52:18",4,40,21,1),
  (835,"S","2024-10-28 07:37:50",4,125,21,1),
  (836,"S","2024-04-03 23:34:24",3,112,21,2),
  (837,"P","2024-08-13 21:46:53",4,259,21,3),
  (838,"P","2024-02-03 04:41:16",2,66,21,2),
  (839,"X","2024-08-27 15:36:10",3,139,21,3),
  (840,"X","2024-05-18 15:03:52",3,48,21,1),
  (841,"S","2024-07-18 19:04:08",1,259,21,4),
  (842,"S","2024-11-08 10:54:04",6,132,21,2),
  (843,"P","2024-06-20 20:07:15",2,68,21,3),
  (844,"P","2024-02-05 21:07:10",7,200,21,4),
  (845,"X","2024-05-22 14:14:38",3,170,21,4),
  (846,"X","2024-10-30 23:53:04",1,200,21,2),
  (847,"S","2024-07-16 17:33:13",3,199,21,2),
  (848,"S","2024-02-16 07:31:33",7,98,21,3),
  (849,"P","2024-11-30 17:35:46",5,153,21,3),
  (850,"P","2024-02-07 04:08:19",6,130,21,3);
INSERT INTO consultations (id,type,registered_date,patient_id,cause_id,department_id,doctor_id)
VALUES
  (851,"X","2024-08-03 08:48:08",3,50,21,5),
  (852,"X","2024-10-29 03:50:19",3,14,21,4),
  (853,"S","2024-05-26 00:19:20",3,204,21,1),
  (854,"S","2024-06-06 08:03:28",5,15,21,2),
  (855,"P","2024-06-03 19:31:03",5,157,21,3),
  (856,"P","2024-08-14 00:11:53",6,90,21,3),
  (857,"X","2025-01-31 20:46:25",7,241,21,2),
  (858,"X","2025-01-29 15:00:47",7,43,21,3),
  (859,"S","2025-01-27 06:51:42",2,64,21,4),
  (860,"S","2024-05-23 06:30:40",5,133,21,1),
  (861,"P","2025-02-07 02:07:14",6,167,21,3),
  (862,"P","2024-03-19 08:55:12",5,47,21,3),
  (863,"X","2024-07-24 00:59:46",1,121,21,3),
  (864,"X","2024-08-16 23:19:39",3,38,21,2),
  (865,"S","2024-01-15 21:27:52",1,108,21,2),
  (866,"S","2024-08-21 15:04:07",5,39,21,4),
  (867,"P","2024-01-29 08:09:29",3,89,21,3),
  (868,"P","2024-03-17 14:46:24",5,62,21,1),
  (869,"X","2024-09-01 15:46:31",2,185,21,5),
  (870,"X","2024-11-05 09:29:15",4,9,21,1),
  (871,"S","2024-12-28 11:35:14",6,102,21,2),
  (872,"S","2024-05-27 22:41:23",2,255,21,3),
  (873,"P","2025-02-17 20:17:29",3,117,21,2),
  (874,"P","2024-07-30 23:07:42",2,74,21,3),
  (875,"X","2025-02-18 23:30:25",7,161,21,2),
  (876,"X","2025-02-06 13:48:18",3,201,21,1),
  (877,"S","2024-04-18 23:51:19",5,26,21,2),
  (878,"S","2024-12-07 07:18:59",1,200,21,3),
  (879,"P","2024-10-14 07:13:51",5,87,21,4),
  (880,"P","2024-05-28 12:49:55",2,39,21,2),
  (881,"X","2024-01-19 00:09:14",6,135,21,5),
  (882,"X","2024-12-14 12:10:12",3,156,21,2),
  (883,"S","2024-05-23 12:52:35",7,12,21,2),
  (884,"S","2024-02-17 01:12:10",3,185,21,4),
  (885,"P","2024-12-13 12:22:47",3,136,21,3),
  (886,"P","2024-10-05 18:49:28",4,75,21,1),
  (887,"X","2024-10-02 11:29:52",5,145,21,2),
  (888,"X","2024-05-31 14:46:29",7,64,21,2),
  (889,"S","2024-07-24 18:43:41",6,101,21,4),
  (890,"S","2024-08-04 01:32:36",5,148,21,1),
  (891,"P","2024-11-09 09:54:48",5,4,21,3),
  (892,"P","2024-04-24 18:34:14",2,171,21,3),
  (893,"X","2024-01-10 01:02:49",5,200,21,4),
  (894,"X","2024-02-11 23:26:25",4,191,21,3),
  (895,"S","2024-05-05 08:35:49",2,138,21,2),
  (896,"S","2024-07-06 14:24:20",6,134,21,1),
  (897,"P","2025-02-04 09:24:46",4,158,21,2),
  (898,"P","2025-02-13 07:48:14",3,5,21,4),
  (899,"X","2024-06-10 05:28:23",6,71,21,3),
  (900,"X","2024-06-10 22:09:52",4,4,21,3);
INSERT INTO consultations (id,type,registered_date,patient_id,cause_id,department_id,doctor_id)
VALUES
  (901,"S","2024-02-27 02:14:09",2,147,21,3),
  (902,"S","2024-03-16 08:33:54",6,116,21,2),
  (903,"P","2024-02-11 20:53:30",4,184,21,5),
  (904,"P","2025-01-03 06:29:06",4,42,21,4),
  (905,"X","2024-06-20 06:17:02",4,91,21,2),
  (906,"X","2024-05-27 05:03:08",5,52,21,1),
  (907,"S","2024-03-04 01:51:17",4,139,21,2),
  (908,"S","2024-07-10 23:14:27",7,151,21,3),
  (909,"P","2025-01-23 03:20:10",7,45,21,3),
  (910,"P","2024-08-28 20:02:33",3,64,21,4),
  (911,"X","2025-01-04 17:50:35",6,105,21,4),
  (912,"X","2024-04-14 03:14:54",4,148,21,3),
  (913,"S","2024-07-03 07:37:28",2,64,21,3),
  (914,"S","2024-01-18 22:21:40",1,4,21,2),
  (915,"P","2024-08-26 12:00:22",6,214,21,3),
  (916,"P","2024-08-23 11:57:55",4,152,21,2),
  (917,"X","2024-06-17 12:05:10",2,242,21,5),
  (918,"X","2024-02-09 03:44:42",1,190,21,2),
  (919,"S","2024-03-10 13:57:03",4,28,21,4),
  (920,"S","2024-01-11 02:56:35",1,251,21,2),
  (921,"P","2024-07-18 06:30:33",4,263,21,4),
  (922,"P","2024-08-18 05:00:30",3,263,21,2),
  (923,"X","2024-10-20 06:55:18",4,117,21,1),
  (924,"X","2024-05-04 12:30:39",5,80,21,4),
  (925,"S","2024-10-11 04:37:18",1,250,21,5),
  (926,"S","2024-12-22 01:28:28",3,155,21,3),
  (927,"P","2024-08-07 15:48:59",2,163,21,3),
  (928,"P","2024-09-12 10:49:01",4,160,21,4),
  (929,"X","2025-01-23 05:23:31",7,239,21,4),
  (930,"X","2024-01-15 07:26:40",3,237,21,4),
  (931,"S","2024-12-26 00:14:05",5,8,21,3),
  (932,"S","2024-10-23 12:30:07",3,35,21,2),
  (933,"P","2024-08-13 18:45:37",4,47,21,1),
  (934,"P","2024-02-12 17:00:27",5,190,21,2),
  (935,"X","2024-02-13 09:49:52",7,191,21,3),
  (936,"X","2024-05-14 04:04:30",5,265,21,4),
  (937,"S","2025-01-30 00:54:30",3,130,21,3),
  (938,"S","2024-05-30 05:08:45",2,9,21,5),
  (939,"P","2024-03-15 04:44:53",6,66,21,5),
  (940,"P","2024-06-23 06:41:38",4,11,21,3),
  (941,"X","2024-05-20 18:00:37",2,256,21,3),
  (942,"X","2024-09-14 12:58:51",5,142,21,3),
  (943,"S","2024-04-19 03:34:11",7,37,21,4),
  (944,"S","2024-06-10 09:51:16",6,218,21,2),
  (945,"P","2024-06-24 05:56:14",6,105,21,2),
  (946,"P","2024-02-27 15:10:54",4,30,21,4),
  (947,"X","2024-05-25 03:35:20",3,105,21,2),
  (948,"X","2024-09-19 23:23:48",4,215,21,2),
  (949,"S","2024-04-13 08:54:54",6,77,21,4),
  (950,"S","2024-09-24 19:44:46",3,127,21,1);
INSERT INTO consultations (id,type,registered_date,patient_id,cause_id,department_id,doctor_id)
VALUES
  (951,"P","2024-12-23 03:52:36",7,44,21,3),
  (952,"P","2025-01-07 16:03:36",6,26,21,3),
  (953,"X","2024-04-07 09:57:49",5,43,21,2),
  (954,"X","2024-05-30 01:58:02",6,107,21,2),
  (955,"S","2024-02-18 07:17:29",7,22,21,2),
  (956,"S","2024-06-25 12:04:46",3,160,21,3),
  (957,"P","2024-12-04 13:16:20",5,132,21,3),
  (958,"P","2024-05-03 14:23:19",7,227,21,2),
  (959,"X","2024-11-05 01:58:22",3,65,21,2),
  (960,"X","2024-09-18 04:46:58",5,15,21,4),
  (961,"S","2024-09-01 10:40:30",4,154,21,2),
  (962,"S","2024-05-23 08:50:20",6,127,21,5),
  (963,"P","2024-02-19 06:48:50",5,192,21,3),
  (964,"P","2024-08-03 17:37:31",3,163,21,5),
  (965,"X","2024-10-20 06:09:46",6,85,21,3),
  (966,"X","2024-12-02 13:32:15",5,49,21,1),
  (967,"S","2024-04-05 06:07:12",3,164,21,4),
  (968,"S","2024-08-21 04:09:57",5,108,21,2),
  (969,"P","2024-10-08 18:53:36",1,154,21,3),
  (970,"P","2024-01-18 19:29:17",3,177,21,3),
  (971,"X","2024-05-31 09:22:07",7,106,21,4),
  (972,"X","2024-11-27 11:27:01",5,70,21,3),
  (973,"S","2025-01-06 07:26:52",7,107,21,5),
  (974,"S","2024-02-19 01:03:20",2,137,21,4),
  (975,"P","2025-01-04 00:57:31",6,43,21,4),
  (976,"P","2024-05-20 06:58:10",6,137,21,4),
  (977,"X","2024-03-28 01:40:54",6,129,21,3),
  (978,"X","2024-10-16 19:09:52",4,82,21,4),
  (979,"S","2025-01-05 23:52:53",6,156,21,4),
  (980,"S","2025-01-18 04:08:54",2,117,21,2),
  (981,"P","2024-08-31 20:15:08",3,241,21,4),
  (982,"P","2025-01-17 18:23:42",6,179,21,3),
  (983,"X","2024-11-13 01:04:28",6,209,21,1),
  (984,"X","2024-06-29 21:18:14",7,136,21,1),
  (985,"S","2024-07-12 17:16:05",3,93,21,4),
  (986,"S","2024-12-15 04:24:45",1,204,21,5),
  (987,"P","2024-11-13 14:26:40",7,260,21,1),
  (988,"P","2024-07-02 21:05:48",2,101,21,2),
  (989,"X","2024-03-07 00:47:47",3,71,21,4),
  (990,"X","2024-04-27 05:02:31",1,125,21,3),
  (991,"S","2024-07-20 21:07:25",1,16,21,2),
  (992,"S","2024-01-19 09:07:33",1,16,21,2),
  (993,"P","2025-02-02 03:25:33",4,155,21,3),
  (994,"P","2024-12-15 17:58:53",3,97,21,4),
  (995,"X","2024-06-08 09:14:48",5,168,21,3),
  (996,"X","2024-06-28 21:13:39",2,240,21,3),
  (997,"S","2024-09-04 15:18:59",2,243,21,1),
  (998,"S","2024-04-10 13:29:51",2,59,21,1),
  (999,"P","2025-01-30 07:13:48",6,236,21,3),
  (1000,"P","2024-07-11 21:16:46",5,138,21,3);

INSERT INTO consultations (id,type,registered_date,patient_id,cause_id,department_id,doctor_id)
VALUES
  (1001,"P","2025-02-09 10:37:31",7,105,21,3),
  (1002,"P","2025-01-13 10:19:30",3,167,21,5),
  (1003,"X","2025-01-01 18:19:01",5,203,21,3),
  (1004,"X","2025-01-23 06:08:20",2,149,21,2),
  (1005,"S","2025-01-28 10:21:27",6,253,21,3),
  (1006,"S","2025-01-15 18:57:06",6,64,21,3),
  (1007,"P","2025-02-03 13:39:33",3,120,21,3),
  (1008,"P","2025-01-09 06:16:47",6,152,21,5),
  (1009,"X","2025-02-13 02:16:37",6,173,21,1),
  (1010,"X","2025-01-19 01:57:28",3,50,21,4),
  (1011,"S","2025-02-04 22:44:06",1,151,21,4),
  (1012,"S","2025-01-17 18:58:45",2,183,21,3),
  (1013,"P","2025-02-06 00:36:51",6,236,21,2),
  (1014,"P","2025-02-11 23:01:54",7,125,21,1),
  (1015,"X","2025-01-30 22:46:23",3,37,21,3),
  (1016,"X","2025-01-05 21:58:51",6,110,21,2),
  (1017,"S","2025-02-12 00:22:24",4,158,21,2),
  (1018,"S","2025-01-28 21:53:17",2,87,21,5),
  (1019,"P","2025-02-07 17:56:43",5,78,21,2),
  (1020,"P","2025-01-06 17:21:55",3,5,21,1),
  (1021,"X","2025-01-12 21:08:11",2,17,21,5),
  (1022,"X","2025-01-22 13:11:36",4,199,21,3),
  (1023,"S","2025-01-13 14:38:27",3,189,21,3),
  (1024,"S","2025-02-20 23:39:08",4,74,21,5),
  (1025,"P","2025-01-12 21:08:34",4,22,21,3),
  (1026,"P","2025-02-20 18:26:26",6,192,21,2),
  (1027,"X","2025-01-18 12:49:17",5,174,21,5),
  (1028,"X","2025-01-20 03:20:07",4,64,21,3),
  (1029,"S","2025-01-27 01:31:59",4,70,21,3),
  (1030,"S","2025-01-04 05:08:34",3,49,21,1),
  (1031,"P","2025-01-29 14:19:30",1,238,21,1),
  (1032,"P","2025-02-09 06:55:37",3,57,21,2),
  (1033,"X","2025-02-18 08:13:52",7,84,21,4),
  (1034,"X","2025-01-13 22:15:14",5,68,21,2),
  (1035,"S","2025-02-17 04:45:34",6,151,21,2),
  (1036,"S","2025-02-04 06:33:14",5,119,21,5),
  (1037,"P","2025-01-29 11:21:09",3,42,21,3),
  (1038,"P","2025-01-24 07:25:51",3,269,21,3),
  (1039,"X","2025-02-13 02:13:54",6,8,21,3),
  (1040,"X","2025-01-16 22:36:55",2,248,21,2),
  (1041,"S","2025-01-04 09:34:35",2,103,21,2),
  (1042,"S","2025-01-26 07:49:18",7,153,21,5),
  (1043,"P","2025-01-21 04:54:31",3,204,21,3),
  (1044,"P","2025-01-07 23:55:51",2,29,21,2),
  (1045,"X","2025-02-08 06:27:20",6,64,21,4),
  (1046,"X","2025-02-10 21:31:42",3,228,21,3),
  (1047,"S","2025-02-06 14:18:21",6,192,21,4),
  (1048,"S","2025-02-20 16:34:43",6,75,21,5),
  (1049,"P","2025-01-26 00:57:22",2,102,21,1),
  (1050,"P","2025-01-26 01:42:04",5,200,21,3);
INSERT INTO consultations (id,type,registered_date,patient_id,cause_id,department_id,doctor_id)
VALUES
  (1051,"X","2025-01-20 04:11:10",7,134,21,2),
  (1052,"X","2025-02-19 05:56:32",7,107,21,3),
  (1053,"S","2025-02-04 04:35:21",6,193,21,3),
  (1054,"S","2025-01-28 15:48:53",7,185,21,4),
  (1055,"P","2025-02-11 05:44:11",7,54,21,2),
  (1056,"P","2025-01-20 08:19:45",6,148,21,3),
  (1057,"X","2025-02-09 10:40:52",3,106,21,1),
  (1058,"X","2025-02-18 13:15:58",5,192,21,1),
  (1059,"S","2025-01-01 20:42:31",5,71,21,5),
  (1060,"S","2025-01-01 07:06:12",3,155,21,2),
  (1061,"P","2025-01-11 05:28:52",2,39,21,5),
  (1062,"P","2025-02-19 18:40:51",4,12,21,2),
  (1063,"X","2025-01-12 21:17:48",3,54,21,4),
  (1064,"X","2025-01-19 05:02:44",3,59,21,4),
  (1065,"S","2025-01-10 02:44:38",6,48,21,4),
  (1066,"S","2025-02-04 14:22:17",2,239,21,3),
  (1067,"P","2025-01-21 12:57:44",4,155,21,3),
  (1068,"P","2025-02-07 18:24:40",2,145,21,4),
  (1069,"X","2025-01-31 01:12:51",3,251,21,5),
  (1070,"X","2025-02-05 06:12:02",1,34,21,2),
  (1071,"S","2025-02-10 02:37:37",1,248,21,2),
  (1072,"S","2025-02-12 11:59:46",6,175,21,4),
  (1073,"P","2025-02-12 01:27:18",3,181,21,2),
  (1074,"P","2025-02-07 09:41:24",1,46,21,3),
  (1075,"X","2025-01-05 06:00:51",1,121,21,4),
  (1076,"X","2025-02-18 17:20:03",2,5,21,3),
  (1077,"S","2025-01-27 17:56:34",4,230,21,2),
  (1078,"S","2025-02-20 21:20:49",2,70,21,2),
  (1079,"P","2025-01-27 07:37:22",4,103,21,2),
  (1080,"P","2025-01-12 22:11:12",5,63,21,2),
  (1081,"X","2025-02-15 07:04:01",2,259,21,3),
  (1082,"X","2025-01-11 03:13:07",7,168,21,4),
  (1083,"S","2025-01-09 13:17:11",4,146,21,3),
  (1084,"S","2025-02-06 10:49:24",5,100,21,1),
  (1085,"P","2025-01-05 03:12:33",1,184,21,3),
  (1086,"P","2025-01-27 19:59:10",4,209,21,2),
  (1087,"X","2025-01-26 08:30:19",5,77,21,3),
  (1088,"X","2025-01-02 00:47:21",1,245,21,2),
  (1089,"S","2025-01-20 13:59:44",5,229,21,1),
  (1090,"S","2025-01-09 06:04:54",1,8,21,2),
  (1091,"P","2025-01-28 13:44:18",5,155,21,3),
  (1092,"P","2025-02-06 12:49:49",4,84,21,1),
  (1093,"X","2025-01-13 03:42:02",3,91,21,4),
  (1094,"X","2025-02-17 04:03:22",3,153,21,2),
  (1095,"S","2025-01-01 03:29:36",1,74,21,2),
  (1096,"S","2025-01-25 11:42:21",4,141,21,2),
  (1097,"P","2025-02-21 00:44:41",4,123,21,5),
  (1098,"P","2025-01-21 18:48:53",2,89,21,3),
  (1099,"X","2025-01-24 18:34:52",3,242,21,4),
  (1100,"X","2025-02-16 22:53:40",2,22,21,4);
INSERT INTO consultations (id,type,registered_date,patient_id,cause_id,department_id,doctor_id)
VALUES
  (1101,"S","2025-01-20 10:21:40",6,31,21,4),
  (1102,"S","2025-02-08 03:51:53",5,189,21,3),
  (1103,"P","2025-01-27 08:51:44",5,81,21,4),
  (1104,"P","2025-02-15 08:43:09",6,173,21,4),
  (1105,"X","2025-01-02 04:18:15",2,212,21,1),
  (1106,"X","2025-02-12 11:07:32",6,114,21,4),
  (1107,"S","2025-01-06 00:29:00",3,238,21,4),
  (1108,"S","2025-01-25 04:07:38",3,168,21,3),
  (1109,"P","2025-01-07 20:13:53",2,217,21,4),
  (1110,"P","2025-02-01 09:40:30",4,121,21,4),
  (1111,"X","2025-01-30 19:56:22",6,269,21,4),
  (1112,"X","2025-02-01 17:36:32",1,153,21,3),
  (1113,"S","2025-01-03 03:41:33",7,232,21,4),
  (1114,"S","2025-02-15 21:21:13",3,250,21,3),
  (1115,"P","2025-01-21 10:48:51",7,15,21,3),
  (1116,"P","2025-01-07 01:57:13",3,146,21,2),
  (1117,"X","2025-01-15 23:14:08",6,198,21,5),
  (1118,"X","2025-01-27 12:34:44",2,253,21,1),
  (1119,"S","2025-01-23 17:22:37",2,115,21,2),
  (1120,"S","2025-01-26 07:03:32",6,93,21,2),
  (1121,"P","2025-01-08 15:20:52",7,49,21,5),
  (1122,"P","2025-01-02 13:54:40",2,120,21,3),
  (1123,"X","2025-01-14 12:35:34",6,181,21,2),
  (1124,"X","2025-02-17 09:09:37",1,33,21,1),
  (1125,"S","2025-01-19 05:53:19",3,54,21,2),
  (1126,"S","2025-01-22 07:16:14",3,195,21,4),
  (1127,"P","2025-01-15 10:39:38",3,43,21,3),
  (1128,"P","2025-02-06 19:29:58",7,17,21,2),
  (1129,"X","2025-02-05 19:53:55",2,93,21,3),
  (1130,"X","2025-02-15 08:53:56",1,157,21,3),
  (1131,"S","2025-01-20 12:57:12",2,210,21,4),
  (1132,"S","2025-01-04 22:31:24",5,13,21,3),
  (1133,"P","2025-01-05 14:09:30",6,39,21,3),
  (1134,"P","2025-01-21 05:35:01",5,222,21,3),
  (1135,"X","2025-02-08 01:48:55",3,181,21,5),
  (1136,"X","2025-01-10 14:50:29",4,115,21,3),
  (1137,"S","2025-01-07 09:10:20",1,162,21,2),
  (1138,"S","2025-01-11 17:41:54",7,220,21,5),
  (1139,"P","2025-02-03 21:15:07",6,45,21,3),
  (1140,"P","2025-02-14 23:50:38",4,131,21,4),
  (1141,"X","2025-01-22 20:17:02",1,269,21,3),
  (1142,"X","2025-02-20 05:52:33",7,191,21,4),
  (1143,"S","2025-01-16 02:48:35",6,53,21,4),
  (1144,"S","2025-01-08 03:28:40",5,32,21,2),
  (1145,"P","2025-01-01 20:59:02",7,26,21,3),
  (1146,"P","2025-01-18 05:57:42",4,59,21,3),
  (1147,"X","2025-01-01 08:06:34",2,157,21,3),
  (1148,"X","2025-01-31 04:20:18",3,110,21,5),
  (1149,"S","2025-01-30 00:15:54",6,255,21,5),
  (1150,"S","2025-02-10 09:09:02",3,260,21,1);
INSERT INTO consultations (id,type,registered_date,patient_id,cause_id,department_id,doctor_id)
VALUES
  (1151,"P","2025-01-15 21:50:06",2,2,21,4),
  (1152,"P","2025-02-14 20:29:24",6,269,21,1),
  (1153,"X","2025-01-16 05:32:53",2,59,21,2),
  (1154,"X","2025-02-20 05:10:35",1,128,21,2),
  (1155,"S","2025-01-13 06:52:04",4,49,21,2),
  (1156,"S","2025-01-12 22:17:13",6,237,21,1),
  (1157,"P","2025-01-25 11:19:09",4,94,21,4),
  (1158,"P","2025-02-13 23:39:47",3,197,21,3),
  (1159,"X","2025-01-05 18:48:45",4,188,21,4),
  (1160,"X","2025-02-11 12:47:11",5,176,21,4),
  (1161,"S","2025-01-24 05:01:47",4,265,21,1),
  (1162,"S","2025-02-07 06:30:24",7,63,21,2),
  (1163,"P","2025-01-10 13:33:00",5,193,21,4),
  (1164,"P","2025-02-03 12:51:37",3,199,21,2),
  (1165,"X","2025-01-24 15:16:36",4,141,21,3),
  (1166,"X","2025-02-04 18:50:48",6,263,21,1),
  (1167,"S","2025-01-04 07:37:34",4,240,21,4),
  (1168,"S","2025-02-20 22:01:29",3,156,21,5),
  (1169,"P","2025-02-06 03:05:13",3,86,21,4),
  (1170,"P","2025-01-11 16:35:21",4,123,21,3),
  (1171,"X","2025-01-12 05:30:34",3,189,21,4),
  (1172,"X","2025-02-05 03:38:45",4,129,21,4),
  (1173,"S","2025-01-25 13:55:01",3,225,21,4),
  (1174,"S","2025-01-13 07:31:21",2,87,21,3),
  (1175,"P","2025-01-04 12:06:41",3,56,21,3),
  (1176,"P","2025-01-09 19:27:14",4,51,21,2),
  (1177,"X","2025-02-12 18:53:15",6,2,21,3),
  (1178,"X","2025-02-19 19:11:22",2,127,21,2),
  (1179,"S","2025-01-01 23:51:12",6,168,21,2),
  (1180,"S","2025-02-19 05:40:13",5,28,21,2),
  (1181,"P","2025-02-10 02:43:49",5,3,21,3),
  (1182,"P","2025-02-01 10:04:23",3,117,21,4),
  (1183,"X","2025-01-04 00:54:28",6,135,21,2),
  (1184,"X","2025-02-03 08:39:51",5,222,21,3),
  (1185,"S","2025-01-07 00:39:59",4,105,21,5),
  (1186,"S","2025-02-15 03:06:14",2,116,21,5),
  (1187,"P","2025-01-28 03:19:27",3,119,21,4),
  (1188,"P","2025-01-10 10:52:55",1,170,21,1),
  (1189,"X","2025-01-04 16:05:51",6,104,21,2),
  (1190,"X","2025-01-03 20:50:49",2,109,21,5),
  (1191,"S","2025-01-21 09:49:25",3,29,21,3),
  (1192,"S","2025-01-19 10:46:19",3,48,21,3),
  (1193,"P","2025-02-09 11:19:28",5,163,21,3),
  (1194,"P","2025-01-21 06:49:18",3,235,21,3),
  (1195,"X","2025-01-01 03:10:31",4,208,21,3),
  (1196,"X","2025-01-10 13:58:27",5,205,21,2),
  (1197,"S","2025-02-08 06:05:39",5,248,21,4),
  (1198,"S","2025-02-15 19:41:03",3,233,21,2),
  (1199,"P","2025-01-10 06:42:01",5,159,21,3),
  (1200,"P","2025-01-26 04:25:53",2,206,21,3);
INSERT INTO consultations (id,type,registered_date,patient_id,cause_id,department_id,doctor_id)
VALUES
  (1201,"X","2025-01-11 21:09:37",7,62,21,3),
  (1202,"X","2025-01-20 22:00:55",5,49,21,2),
  (1203,"S","2025-01-22 06:02:08",7,194,21,3),
  (1204,"S","2025-01-04 01:15:52",2,252,21,4),
  (1205,"P","2025-01-03 14:17:49",3,247,21,5),
  (1206,"P","2025-02-19 21:57:29",7,97,21,5),
  (1207,"X","2025-01-09 22:43:33",4,17,21,3),
  (1208,"X","2025-02-15 03:07:28",6,218,21,2),
  (1209,"S","2025-02-11 18:47:41",6,24,21,2),
  (1210,"S","2025-01-26 15:49:43",5,44,21,2),
  (1211,"P","2025-01-02 02:51:17",2,59,21,4),
  (1212,"P","2025-02-15 10:58:08",3,58,21,2),
  (1213,"X","2025-01-07 05:31:23",3,228,21,4),
  (1214,"X","2025-01-23 23:08:25",2,185,21,4),
  (1215,"S","2025-02-11 19:15:58",7,127,21,2),
  (1216,"S","2025-01-16 01:02:26",4,157,21,3),
  (1217,"P","2025-01-16 05:25:12",6,126,21,2),
  (1218,"P","2025-01-10 21:00:06",2,229,21,3),
  (1219,"X","2025-01-06 06:01:10",3,146,21,2),
  (1220,"X","2025-02-20 01:05:57",5,229,21,4),
  (1221,"S","2025-01-02 03:39:31",5,194,21,1),
  (1222,"S","2025-02-07 15:57:04",5,214,21,4),
  (1223,"P","2025-01-11 07:34:22",2,85,21,3),
  (1224,"P","2025-01-20 12:03:46",5,130,21,1),
  (1225,"X","2025-01-26 11:24:10",2,132,21,4),
  (1226,"X","2025-01-13 11:19:14",5,157,21,2),
  (1227,"S","2025-01-10 22:45:26",5,69,21,3),
  (1228,"S","2025-02-05 09:20:28",5,107,21,1),
  (1229,"P","2025-01-04 21:12:06",2,10,21,2),
  (1230,"P","2025-01-18 04:30:40",7,104,21,2),
  (1231,"X","2025-01-07 11:52:04",7,219,21,3),
  (1232,"X","2025-02-04 06:32:14",2,59,21,3),
  (1233,"S","2025-01-31 05:47:47",5,144,21,2),
  (1234,"S","2025-01-10 19:33:35",4,196,21,2),
  (1235,"P","2025-02-09 12:37:42",6,105,21,5),
  (1236,"P","2025-02-03 10:51:36",5,115,21,4),
  (1237,"X","2025-02-19 06:07:26",3,106,21,3),
  (1238,"X","2025-02-18 17:36:00",7,146,21,2),
  (1239,"S","2025-02-20 14:40:26",4,79,21,2),
  (1240,"S","2025-02-04 23:32:22",1,260,21,2),
  (1241,"P","2025-01-26 01:36:54",3,6,21,1),
  (1242,"P","2025-02-17 12:37:33",2,84,21,4),
  (1243,"X","2025-02-06 12:39:04",4,244,21,3),
  (1244,"X","2025-01-30 21:36:53",3,190,21,2),
  (1245,"S","2025-01-02 19:12:31",5,21,21,3),
  (1246,"S","2025-02-14 06:58:50",6,59,21,4),
  (1247,"P","2025-01-01 10:12:34",4,148,21,2),
  (1248,"P","2025-01-19 13:45:10",6,213,21,1),
  (1249,"X","2025-02-15 15:14:18",4,196,21,4),
  (1250,"X","2025-02-16 18:50:30",4,109,21,4);
INSERT INTO consultations (id,type,registered_date,patient_id,cause_id,department_id,doctor_id)
VALUES
  (1251,"S","2025-01-04 20:15:25",3,20,21,2),
  (1252,"S","2025-01-25 06:42:07",1,183,21,2),
  (1253,"P","2025-01-03 20:00:49",5,91,21,3),
  (1254,"P","2025-02-09 07:04:59",3,260,21,4),
  (1255,"X","2025-02-20 00:33:30",2,41,21,3),
  (1256,"X","2025-01-27 11:06:31",5,270,21,1),
  (1257,"S","2025-02-01 11:50:31",2,149,21,4),
  (1258,"S","2025-01-12 08:03:23",5,200,21,3),
  (1259,"P","2025-01-08 08:10:15",6,43,21,4),
  (1260,"P","2025-01-22 15:14:29",1,143,21,4),
  (1261,"X","2025-01-03 23:31:48",6,39,21,2),
  (1262,"X","2025-01-14 22:21:25",1,149,21,3),
  (1263,"S","2025-02-02 15:24:20",5,18,21,3),
  (1264,"S","2025-01-24 03:59:45",2,207,21,4),
  (1265,"P","2025-02-15 16:09:52",5,172,21,5),
  (1266,"P","2025-01-09 17:39:25",2,156,21,3),
  (1267,"X","2025-01-07 23:57:05",2,180,21,4),
  (1268,"X","2025-01-27 12:05:45",4,38,21,4),
  (1269,"S","2025-02-19 09:33:41",4,78,21,2),
  (1270,"S","2025-02-01 15:46:40",3,3,21,2),
  (1271,"P","2025-01-03 14:21:59",7,155,21,1),
  (1272,"P","2025-01-02 18:28:53",2,44,21,1),
  (1273,"X","2025-01-16 11:55:23",3,73,21,2),
  (1274,"X","2025-01-23 09:20:14",1,126,21,3),
  (1275,"S","2025-01-09 13:32:27",5,147,21,3),
  (1276,"S","2025-01-24 23:57:43",3,122,21,2),
  (1277,"P","2025-01-06 21:36:47",5,66,21,5),
  (1278,"P","2025-02-13 02:20:51",4,222,21,2),
  (1279,"X","2025-01-02 08:12:41",2,118,21,1),
  (1280,"X","2025-01-26 13:01:17",2,262,21,3),
  (1281,"S","2025-02-04 04:50:32",2,149,21,4),
  (1282,"S","2025-02-05 23:58:45",6,161,21,2),
  (1283,"P","2025-02-13 18:11:39",6,116,21,5),
  (1284,"P","2025-01-13 23:58:51",3,173,21,2),
  (1285,"X","2025-01-15 14:48:42",4,75,21,2),
  (1286,"X","2025-02-11 23:07:25",7,75,21,4),
  (1287,"S","2025-01-23 06:23:39",7,157,21,2),
  (1288,"S","2025-01-25 13:59:25",5,99,21,4),
  (1289,"P","2025-01-23 18:27:08",5,153,21,5),
  (1290,"P","2025-01-22 03:07:12",3,186,21,3),
  (1291,"X","2025-01-01 22:28:11",6,87,21,3),
  (1292,"X","2025-02-05 08:55:47",1,198,21,2),
  (1293,"S","2025-01-20 21:57:58",4,133,21,3),
  (1294,"S","2025-02-06 12:40:14",3,233,21,4),
  (1295,"P","2025-01-08 09:52:44",5,260,21,4),
  (1296,"P","2025-02-07 08:56:31",2,104,21,4),
  (1297,"X","2025-01-23 07:43:55",4,123,21,5),
  (1298,"X","2025-02-09 07:14:03",1,66,21,3),
  (1299,"S","2025-01-23 16:55:40",3,170,21,3),
  (1300,"S","2025-01-26 11:13:24",5,114,21,4);
INSERT INTO consultations (id,type,registered_date,patient_id,cause_id,department_id,doctor_id)
VALUES
  (1301,"P","2025-02-06 20:23:00",6,225,21,1),
  (1302,"P","2025-02-18 13:52:05",5,221,21,3),
  (1303,"X","2025-02-09 11:07:31",5,59,21,3),
  (1304,"X","2025-01-08 08:25:54",3,178,21,4),
  (1305,"S","2025-02-05 01:35:34",4,232,21,3),
  (1306,"S","2025-01-02 18:12:05",5,239,21,4),
  (1307,"P","2025-02-10 16:57:41",5,92,21,3),
  (1308,"P","2025-02-14 19:11:45",2,5,21,3),
  (1309,"X","2025-01-05 14:18:09",3,193,21,5),
  (1310,"X","2025-01-18 07:00:54",6,35,21,4),
  (1311,"S","2025-02-04 17:50:44",7,179,21,2),
  (1312,"S","2025-01-08 13:03:16",1,182,21,2),
  (1313,"P","2025-01-30 00:05:35",3,110,21,2),
  (1314,"P","2025-01-23 01:22:31",3,203,21,2),
  (1315,"X","2025-01-30 19:12:56",5,252,21,3),
  (1316,"X","2025-02-19 22:53:06",7,170,21,2),
  (1317,"S","2025-01-10 18:35:25",1,226,21,4),
  (1318,"S","2025-02-11 10:45:36",5,101,21,3),
  (1319,"P","2025-01-13 00:15:19",4,216,21,4),
  (1320,"P","2025-02-10 12:34:11",6,52,21,5),
  (1321,"X","2025-02-20 17:46:24",6,208,21,4),
  (1322,"X","2025-01-20 07:11:49",4,230,21,1),
  (1323,"S","2025-01-21 18:11:33",6,63,21,3),
  (1324,"S","2025-02-18 23:51:43",5,108,21,4),
  (1325,"P","2025-01-25 12:23:03",3,26,21,4),
  (1326,"P","2025-01-18 21:33:28",3,178,21,2),
  (1327,"X","2025-01-18 18:39:29",6,126,21,4),
  (1328,"X","2025-02-07 16:50:36",5,201,21,4),
  (1329,"S","2025-02-09 23:19:57",2,85,21,1),
  (1330,"S","2025-01-17 23:10:55",2,237,21,4),
  (1331,"P","2025-02-15 12:19:50",4,21,21,2),
  (1332,"P","2025-01-15 20:23:27",1,91,21,1),
  (1333,"X","2025-01-23 19:57:57",2,235,21,4),
  (1334,"X","2025-01-23 07:29:54",3,170,21,5),
  (1335,"S","2025-01-18 15:36:06",4,198,21,3),
  (1336,"S","2025-01-04 08:16:55",5,236,21,1),
  (1337,"P","2025-02-18 17:10:23",2,262,21,3),
  (1338,"P","2025-02-16 15:13:16",4,142,21,2),
  (1339,"X","2025-02-08 06:13:35",3,69,21,3),
  (1340,"X","2025-02-08 02:49:19",1,151,21,1),
  (1341,"S","2025-01-18 04:55:50",6,108,21,5),
  (1342,"S","2025-01-09 04:16:20",2,123,21,5),
  (1343,"P","2025-01-28 21:53:37",3,87,21,4),
  (1344,"P","2025-01-06 18:49:19",4,114,21,3),
  (1345,"X","2025-01-01 05:19:52",4,167,21,2),
  (1346,"X","2025-02-12 07:31:12",2,241,21,4),
  (1347,"S","2025-02-04 08:00:10",5,27,21,5),
  (1348,"S","2025-02-19 14:18:04",6,259,21,1),
  (1349,"P","2025-01-05 07:04:15",5,42,21,2),
  (1350,"P","2025-02-14 05:29:25",7,32,21,4);
INSERT INTO consultations (id,type,registered_date,patient_id,cause_id,department_id,doctor_id)
VALUES
  (1351,"X","2025-02-07 03:14:25",4,204,21,4),
  (1352,"X","2025-02-15 07:40:05",4,159,21,3),
  (1353,"S","2025-01-02 05:47:57",5,210,21,3),
  (1354,"S","2025-01-15 12:07:00",5,201,21,3),
  (1355,"P","2025-02-10 11:03:43",1,225,21,4),
  (1356,"P","2025-02-07 09:05:05",2,142,21,5),
  (1357,"X","2025-02-09 11:34:21",4,228,21,3),
  (1358,"X","2025-01-05 08:26:40",7,111,21,1),
  (1359,"S","2025-02-07 21:54:07",2,201,21,3),
  (1360,"S","2025-02-14 02:38:43",4,182,21,2),
  (1361,"P","2025-01-19 12:00:36",2,10,21,4),
  (1362,"P","2025-01-02 21:01:35",7,168,21,3),
  (1363,"X","2025-01-31 00:13:34",5,12,21,5),
  (1364,"X","2025-01-30 17:44:04",6,21,21,1),
  (1365,"S","2025-01-09 01:16:24",4,42,21,5),
  (1366,"S","2025-01-19 23:07:18",6,192,21,4),
  (1367,"P","2025-02-16 08:37:49",2,198,21,3),
  (1368,"P","2025-02-15 09:19:25",4,136,21,3),
  (1369,"X","2025-01-28 03:24:50",5,139,21,3),
  (1370,"X","2025-01-18 13:37:57",2,236,21,5),
  (1371,"S","2025-02-03 00:05:43",3,168,21,3),
  (1372,"S","2025-02-08 23:52:11",3,84,21,5),
  (1373,"P","2025-01-08 18:59:48",2,105,21,2),
  (1374,"P","2025-02-14 01:41:47",4,79,21,4),
  (1375,"X","2025-02-06 18:17:36",4,216,21,5),
  (1376,"X","2025-01-15 06:07:28",3,98,21,1),
  (1377,"S","2025-01-27 01:39:17",2,83,21,1),
  (1378,"S","2025-01-30 10:11:07",6,227,21,3),
  (1379,"P","2025-01-17 21:34:20",5,113,21,2),
  (1380,"P","2025-01-26 06:35:32",6,100,21,2),
  (1381,"X","2025-01-17 09:31:09",5,122,21,4),
  (1382,"X","2025-02-16 02:41:04",1,237,21,1),
  (1383,"S","2025-02-18 04:25:19",6,49,21,3),
  (1384,"S","2025-02-01 04:27:48",6,73,21,3),
  (1385,"P","2025-01-10 15:26:07",5,82,21,1),
  (1386,"P","2025-02-19 02:23:54",2,21,21,4),
  (1387,"X","2025-02-02 13:14:30",3,109,21,4),
  (1388,"X","2025-02-08 05:39:41",3,27,21,2),
  (1389,"S","2025-02-07 06:58:45",3,62,21,2),
  (1390,"S","2025-01-25 16:00:35",3,49,21,4),
  (1391,"P","2025-01-27 21:41:42",1,267,21,1),
  (1392,"P","2025-01-07 12:17:46",2,110,21,4),
  (1393,"X","2025-02-16 08:03:24",2,123,21,2),
  (1394,"X","2025-02-02 12:50:48",6,246,21,2),
  (1395,"S","2025-01-31 09:41:46",4,128,21,2),
  (1396,"S","2025-01-05 23:12:36",5,89,21,2),
  (1397,"P","2025-01-28 08:52:19",6,267,21,4),
  (1398,"P","2025-01-26 08:45:08",5,69,21,3),
  (1399,"X","2025-02-06 00:24:47",6,232,21,2),
  (1400,"X","2025-01-10 06:30:02",6,108,21,4);
INSERT INTO consultations (id,type,registered_date,patient_id,cause_id,department_id,doctor_id)
VALUES
  (1401,"S","2025-02-02 09:52:35",7,159,21,3),
  (1402,"S","2025-02-07 23:06:31",7,176,21,3),
  (1403,"P","2025-02-08 06:54:35",3,147,21,1),
  (1404,"P","2025-01-05 09:11:46",4,146,21,4),
  (1405,"X","2025-02-06 20:00:10",5,125,21,1),
  (1406,"X","2025-01-06 16:31:24",2,230,21,3),
  (1407,"S","2025-01-03 07:29:15",1,148,21,3),
  (1408,"S","2025-01-21 04:45:31",6,163,21,5),
  (1409,"P","2025-02-12 09:21:00",6,214,21,3),
  (1410,"P","2025-02-13 13:56:21",5,241,21,4),
  (1411,"X","2025-02-11 15:34:25",7,155,21,3),
  (1412,"X","2025-02-16 12:11:37",5,238,21,3),
  (1413,"S","2025-01-06 04:42:05",3,115,21,2),
  (1414,"S","2025-01-27 05:19:04",2,83,21,5),
  (1415,"P","2025-02-02 14:31:18",5,197,21,1),
  (1416,"P","2025-01-18 16:39:04",6,167,21,2),
  (1417,"X","2025-01-03 17:02:24",1,204,21,4),
  (1418,"X","2025-02-18 09:01:53",3,11,21,3),
  (1419,"S","2025-02-15 15:22:30",7,67,21,4),
  (1420,"S","2025-01-24 23:34:13",4,167,21,1),
  (1421,"P","2025-01-23 03:54:04",2,106,21,2),
  (1422,"P","2025-01-02 05:02:44",5,129,21,2),
  (1423,"X","2025-01-13 22:24:42",2,258,21,2),
  (1424,"X","2025-02-03 20:48:16",3,2,21,1),
  (1425,"S","2025-01-16 08:41:54",4,235,21,2),
  (1426,"S","2025-02-01 15:00:58",1,176,21,5),
  (1427,"P","2025-02-08 22:41:32",5,209,21,2),
  (1428,"P","2025-01-31 09:31:15",6,242,21,3),
  (1429,"X","2025-01-12 05:29:14",4,101,21,4),
  (1430,"X","2025-01-13 12:45:07",7,246,21,2),
  (1431,"S","2025-01-02 05:27:48",1,132,21,1),
  (1432,"S","2025-02-16 12:37:42",6,141,21,3),
  (1433,"P","2025-01-02 02:09:04",4,117,21,5),
  (1434,"P","2025-01-06 01:17:56",4,169,21,3),
  (1435,"X","2025-01-23 14:19:42",5,238,21,4),
  (1436,"X","2025-01-19 04:56:36",7,270,21,3),
  (1437,"S","2025-01-30 03:19:39",2,11,21,3),
  (1438,"S","2025-01-02 22:55:42",7,209,21,4),
  (1439,"P","2025-01-10 19:09:19",5,246,21,3),
  (1440,"P","2025-02-17 17:49:36",6,182,21,5),
  (1441,"X","2025-01-05 06:25:57",3,123,21,3),
  (1442,"X","2025-02-05 01:55:34",4,193,21,2),
  (1443,"S","2025-01-02 10:51:49",5,66,21,1),
  (1444,"S","2025-01-31 14:55:13",3,19,21,4),
  (1445,"P","2025-01-30 00:21:46",6,236,21,2),
  (1446,"P","2025-01-09 22:31:13",6,147,21,4),
  (1447,"X","2025-01-06 05:02:52",2,254,21,3),
  (1448,"X","2025-02-19 23:19:56",3,240,21,1),
  (1449,"S","2025-01-25 12:16:02",1,25,21,1),
  (1450,"S","2025-02-04 19:47:15",4,11,21,2);
INSERT INTO consultations (id,type,registered_date,patient_id,cause_id,department_id,doctor_id)
VALUES
  (1451,"P","2025-01-14 13:36:49",6,26,21,4),
  (1452,"P","2025-02-15 04:14:31",5,105,21,3),
  (1453,"X","2025-02-05 20:32:18",5,51,21,3),
  (1454,"X","2025-01-27 11:05:35",2,232,21,2),
  (1455,"S","2025-01-10 13:40:14",3,268,21,3),
  (1456,"S","2025-02-12 00:18:34",3,231,21,1),
  (1457,"P","2025-02-04 22:43:54",6,177,21,3),
  (1458,"P","2025-01-01 21:46:10",7,158,21,2),
  (1459,"X","2025-01-31 16:04:33",1,240,21,4),
  (1460,"X","2025-02-20 22:30:31",7,237,21,5),
  (1461,"S","2025-02-03 18:29:48",5,139,21,2),
  (1462,"S","2025-01-29 09:08:23",6,89,21,2),
  (1463,"P","2025-01-04 07:14:04",4,138,21,2),
  (1464,"P","2025-01-04 00:13:27",3,191,21,2),
  (1465,"X","2025-02-04 06:11:23",5,3,21,3),
  (1466,"X","2025-01-01 14:41:05",4,91,21,5),
  (1467,"S","2025-01-13 17:19:23",3,63,21,2),
  (1468,"S","2025-01-28 16:25:06",3,69,21,1),
  (1469,"P","2025-02-19 03:18:35",1,161,21,3),
  (1470,"P","2025-01-20 07:02:46",6,99,21,2),
  (1471,"X","2025-01-19 18:38:08",2,254,21,1),
  (1472,"X","2025-02-18 08:22:17",3,129,21,3),
  (1473,"S","2025-02-09 00:43:25",4,201,21,1),
  (1474,"S","2025-02-15 14:35:43",2,128,21,3),
  (1475,"P","2025-01-13 04:16:54",1,18,21,2),
  (1476,"P","2025-01-29 12:50:55",6,261,21,4),
  (1477,"X","2025-02-03 03:51:14",1,241,21,4),
  (1478,"X","2025-02-04 18:52:23",7,123,21,2),
  (1479,"S","2025-01-20 17:46:07",3,109,21,4),
  (1480,"S","2025-02-06 03:58:10",5,252,21,1),
  (1481,"P","2025-02-05 13:36:29",5,48,21,3),
  (1482,"P","2025-02-15 16:22:28",5,237,21,4),
  (1483,"X","2025-02-05 16:14:22",7,150,21,2),
  (1484,"X","2025-01-27 22:48:59",4,200,21,3),
  (1485,"S","2025-01-04 10:00:03",7,178,21,4),
  (1486,"S","2025-01-15 17:35:54",4,68,21,4),
  (1487,"P","2025-01-04 23:27:51",1,168,21,3),
  (1488,"P","2025-01-13 11:26:55",3,106,21,4),
  (1489,"X","2025-01-26 13:55:27",7,18,21,5),
  (1490,"X","2025-01-26 19:55:30",6,13,21,4),
  (1491,"S","2025-01-13 06:51:43",3,21,21,3),
  (1492,"S","2025-01-21 23:48:16",3,108,21,2),
  (1493,"P","2025-01-28 22:47:33",6,156,21,1),
  (1494,"P","2025-01-26 02:39:03",2,65,21,3),
  (1495,"X","2025-01-20 02:42:52",4,203,21,2),
  (1496,"X","2025-01-15 09:04:50",3,105,21,5),
  (1497,"S","2025-02-19 08:56:48",5,96,21,4),
  (1498,"S","2025-02-17 03:19:53",5,25,21,3),
  (1499,"P","2025-01-09 15:41:09",3,68,21,3),
  (1500,"P","2025-02-04 03:13:10",6,63,21,3);

INSERT INTO consultations (id,type,registered_date,patient_id,cause_id,department_id,doctor_id)
VALUES
  (1501,"P","2025-02-11 20:02:12",6,2,21,2),
  (1502,"P","2025-02-16 09:13:49",4,2,21,2),
  (1503,"X","2025-02-03 07:41:51",5,3,21,4),
  (1504,"X","2025-02-02 23:49:44",5,3,21,2),
  (1505,"S","2025-02-16 08:45:20",3,4,21,3),
  (1506,"S","2025-02-07 12:50:37",7,4,21,3),
  (1507,"P","2025-02-09 00:11:33",4,5,21,3),
  (1508,"P","2025-02-20 11:07:55",6,5,21,3),
  (1509,"X","2025-02-13 20:02:01",2,6,21,4),
  (1510,"X","2025-02-19 13:18:16",5,6,21,4),
  (1511,"S","2025-02-06 20:36:55",5,2,21,2),
  (1512,"S","2025-02-06 19:49:44",7,2,21,3),
  (1513,"P","2025-02-01 11:20:09",5,3,21,4),
  (1514,"P","2025-02-05 07:56:03",5,3,21,4),
  (1515,"X","2025-02-15 05:32:49",5,4,21,3),
  (1516,"X","2025-02-10 06:52:24",5,4,21,2),
  (1517,"S","2025-02-08 00:13:06",6,5,21,4),
  (1518,"S","2025-02-04 03:14:48",6,5,21,5),
  (1519,"P","2025-02-19 21:44:23",3,6,21,2),
  (1520,"P","2025-02-08 04:47:20",4,6,21,3),
  (1521,"X","2025-02-15 19:01:35",5,2,21,4),
  (1522,"X","2025-02-15 08:34:06",3,2,21,5),
  (1523,"S","2025-02-09 02:50:41",3,3,21,2),
  (1524,"S","2025-02-03 19:13:57",5,3,21,4),
  (1525,"P","2025-02-08 04:14:17",3,4,21,3),
  (1526,"P","2025-02-04 21:35:26",7,4,21,1),
  (1527,"X","2025-02-10 15:05:35",6,5,21,3),
  (1528,"X","2025-02-20 13:20:15",1,5,21,3),
  (1529,"S","2025-02-01 18:11:33",3,6,21,4),
  (1530,"S","2025-02-09 11:11:03",5,6,21,3),
  (1531,"P","2025-02-20 06:30:10",2,2,21,3),
  (1532,"P","2025-02-07 08:49:57",1,2,21,4),
  (1533,"X","2025-02-16 08:34:06",5,3,21,3),
  (1534,"X","2025-02-10 07:36:40",4,3,21,4),
  (1535,"S","2025-02-19 01:17:57",2,4,21,2),
  (1536,"S","2025-02-14 03:16:38",7,4,21,3),
  (1537,"P","2025-02-18 11:09:45",4,5,21,3),
  (1538,"P","2025-02-19 05:09:53",3,5,21,3),
  (1539,"X","2025-02-19 15:38:42",3,6,21,4),
  (1540,"X","2025-02-18 01:01:36",2,6,21,4),
  (1541,"S","2025-02-09 16:26:57",2,2,21,2),
  (1542,"S","2025-02-04 12:37:06",1,2,21,4),
  (1543,"P","2025-02-06 11:24:02",5,3,21,2),
  (1544,"P","2025-02-10 12:44:00",6,3,21,4),
  (1545,"X","2025-02-12 21:12:06",3,4,21,4),
  (1546,"X","2025-02-14 21:30:57",4,4,21,1),
  (1547,"S","2025-02-20 05:40:14",6,5,21,2),
  (1548,"S","2025-02-12 14:16:43",7,5,21,4),
  (1549,"P","2025-02-20 16:04:41",2,6,21,3),
  (1550,"P","2025-02-21 01:53:43",3,6,21,4);
INSERT INTO consultations (id,type,registered_date,patient_id,cause_id,department_id,doctor_id)
VALUES
  (1551,"X","2025-02-12 10:12:27",5,2,21,4),
  (1552,"X","2025-02-07 06:04:51",3,2,21,2),
  (1553,"S","2025-02-08 08:05:25",7,3,21,2),
  (1554,"S","2025-02-15 11:16:23",6,3,21,2),
  (1555,"P","2025-02-19 05:44:38",4,4,21,1),
  (1556,"P","2025-02-10 22:27:40",4,4,21,2),
  (1557,"X","2025-02-07 14:32:44",4,5,21,4),
  (1558,"X","2025-02-21 00:04:47",7,5,21,1),
  (1559,"S","2025-02-16 16:54:04",4,6,21,4),
  (1560,"S","2025-02-13 08:09:48",2,6,21,3),
  (1561,"P","2025-02-17 07:39:46",2,2,21,2),
  (1562,"P","2025-02-06 20:38:47",5,2,21,3),
  (1563,"X","2025-02-12 14:06:36",6,3,21,5),
  (1564,"X","2025-02-12 15:55:04",6,3,21,3),
  (1565,"S","2025-02-14 03:52:18",5,4,21,1),
  (1566,"S","2025-02-02 21:34:57",2,4,21,1),
  (1567,"P","2025-02-17 17:28:12",3,5,21,2),
  (1568,"P","2025-02-02 15:49:35",3,5,21,2),
  (1569,"X","2025-02-14 13:47:55",2,6,21,4),
  (1570,"X","2025-02-11 22:34:53",6,6,21,4),
  (1571,"S","2025-02-03 17:04:17",5,2,21,2),
  (1572,"S","2025-02-10 21:13:47",3,2,21,3),
  (1573,"P","2025-02-17 01:58:26",5,3,21,2),
  (1574,"P","2025-02-02 01:25:04",4,3,21,1),
  (1575,"X","2025-02-08 11:35:05",1,4,21,3),
  (1576,"X","2025-02-17 21:54:12",4,4,21,3),
  (1577,"S","2025-02-12 16:45:31",7,5,21,1),
  (1578,"S","2025-02-15 02:01:36",1,5,21,3),
  (1579,"P","2025-02-11 07:08:02",2,6,21,2),
  (1580,"P","2025-02-15 05:35:09",2,6,21,2),
  (1581,"X","2025-02-14 11:18:15",6,2,21,4),
  (1582,"X","2025-02-14 16:14:49",3,2,21,4),
  (1583,"S","2025-02-03 14:58:15",3,3,21,3),
  (1584,"S","2025-02-12 07:30:22",4,3,21,2),
  (1585,"P","2025-02-19 13:03:15",7,4,21,3),
  (1586,"P","2025-02-05 17:21:07",5,4,21,2),
  (1587,"X","2025-02-16 22:22:57",1,5,21,2),
  (1588,"X","2025-02-15 07:47:35",7,5,21,4),
  (1589,"S","2025-02-08 03:12:29",3,6,21,4),
  (1590,"S","2025-02-17 19:17:21",2,6,21,1),
  (1591,"P","2025-02-19 13:59:18",2,2,21,2),
  (1592,"P","2025-02-11 18:25:29",6,2,21,4),
  (1593,"X","2025-02-15 15:13:29",6,3,21,2),
  (1594,"X","2025-02-14 13:00:04",5,3,21,4),
  (1595,"S","2025-02-09 10:12:21",6,4,21,5),
  (1596,"S","2025-02-11 13:40:32",6,4,21,3),
  (1597,"P","2025-02-05 11:10:49",3,5,21,2),
  (1598,"P","2025-02-15 19:19:59",3,5,21,3),
  (1599,"X","2025-02-11 07:51:40",4,6,21,3),
  (1600,"X","2025-02-11 23:24:31",2,6,21,2);
INSERT INTO consultations (id,type,registered_date,patient_id,cause_id,department_id,doctor_id)
VALUES
  (1601,"S","2025-02-10 19:01:50",6,2,21,2),
  (1602,"S","2025-02-11 23:07:18",5,2,21,3),
  (1603,"P","2025-02-17 10:39:35",6,3,21,4),
  (1604,"P","2025-02-19 08:05:09",6,3,21,5),
  (1605,"X","2025-02-17 06:05:34",2,4,21,4),
  (1606,"X","2025-02-16 02:01:57",4,4,21,3),
  (1607,"S","2025-02-04 17:04:30",4,5,21,1),
  (1608,"S","2025-02-07 00:49:59",2,5,21,3),
  (1609,"P","2025-02-16 11:15:30",4,6,21,4),
  (1610,"P","2025-02-20 04:03:39",7,6,21,3),
  (1611,"X","2025-02-11 01:23:56",2,2,21,4),
  (1612,"X","2025-02-08 05:32:41",4,2,21,4),
  (1613,"S","2025-02-09 10:23:31",4,3,21,4),
  (1614,"S","2025-02-05 05:13:46",2,3,21,5),
  (1615,"P","2025-02-08 10:09:41",4,4,21,2),
  (1616,"P","2025-02-07 14:47:50",5,4,21,3),
  (1617,"X","2025-02-13 14:31:30",6,5,21,4),
  (1618,"X","2025-02-14 23:18:14",5,5,21,2),
  (1619,"S","2025-02-05 19:53:24",3,6,21,5),
  (1620,"S","2025-02-10 12:06:44",4,6,21,4),
  (1621,"P","2025-02-06 12:04:24",2,2,21,3),
  (1622,"P","2025-02-08 23:12:03",2,2,21,1),
  (1623,"X","2025-02-04 08:33:48",4,3,21,1),
  (1624,"X","2025-02-16 10:51:51",5,3,21,4),
  (1625,"S","2025-02-19 12:12:00",2,4,21,4),
  (1626,"S","2025-02-12 20:46:21",4,4,21,1),
  (1627,"P","2025-02-07 18:10:31",3,5,21,4),
  (1628,"P","2025-02-04 04:55:07",4,5,21,1),
  (1629,"X","2025-02-13 03:12:47",5,6,21,3),
  (1630,"X","2025-02-19 08:14:55",2,6,21,2),
  (1631,"S","2025-02-05 07:29:10",4,2,21,2),
  (1632,"S","2025-02-18 01:31:23",2,2,21,3),
  (1633,"P","2025-02-17 12:14:49",4,3,21,2),
  (1634,"P","2025-02-09 17:12:21",1,3,21,3),
  (1635,"X","2025-02-08 00:47:44",2,4,21,4),
  (1636,"X","2025-02-07 04:34:36",4,4,21,5),
  (1637,"S","2025-02-13 06:29:31",2,5,21,4),
  (1638,"S","2025-02-02 05:12:31",6,5,21,5),
  (1639,"P","2025-02-09 08:55:12",1,6,21,4),
  (1640,"P","2025-02-07 08:15:50",1,6,21,1),
  (1641,"X","2025-02-05 11:49:46",7,2,21,1),
  (1642,"X","2025-02-12 21:49:10",6,2,21,2),
  (1643,"S","2025-02-02 21:33:04",4,3,21,3),
  (1644,"S","2025-02-09 16:05:40",4,3,21,2),
  (1645,"P","2025-02-16 12:07:58",3,4,21,3),
  (1646,"P","2025-02-16 07:56:07",5,4,21,4),
  (1647,"X","2025-02-03 23:29:20",5,5,21,2),
  (1648,"X","2025-02-02 20:14:54",6,5,21,5),
  (1649,"S","2025-02-06 22:31:28",3,6,21,2),
  (1650,"S","2025-02-09 22:04:07",5,6,21,5);
INSERT INTO consultations (id,type,registered_date,patient_id,cause_id,department_id,doctor_id)
VALUES
  (1651,"P","2025-02-06 12:30:40",4,2,21,4),
  (1652,"P","2025-02-21 01:06:44",5,2,21,5),
  (1653,"X","2025-02-19 05:07:19",5,3,21,5),
  (1654,"X","2025-02-20 22:44:29",6,3,21,1),
  (1655,"S","2025-02-07 02:52:37",3,4,21,4),
  (1656,"S","2025-02-14 00:05:22",3,4,21,5),
  (1657,"P","2025-02-03 09:22:42",4,5,21,4),
  (1658,"P","2025-02-04 16:44:42",1,5,21,4),
  (1659,"X","2025-02-02 18:17:46",4,6,21,5),
  (1660,"X","2025-02-12 02:38:36",6,6,21,4),
  (1661,"S","2025-02-18 22:16:36",3,2,21,1),
  (1662,"S","2025-02-03 14:49:21",5,2,21,5),
  (1663,"P","2025-02-07 21:20:14",4,3,21,3),
  (1664,"P","2025-02-13 23:16:19",2,3,21,2),
  (1665,"X","2025-02-19 17:57:06",4,4,21,1),
  (1666,"X","2025-02-19 14:11:25",7,4,21,2),
  (1667,"S","2025-02-14 22:33:52",5,5,21,5),
  (1668,"S","2025-02-10 07:21:26",7,5,21,3),
  (1669,"P","2025-02-19 06:52:06",2,6,21,3),
  (1670,"P","2025-02-19 09:09:30",3,6,21,4),
  (1671,"X","2025-02-06 12:08:45",3,2,21,2),
  (1672,"X","2025-02-16 21:42:39",6,2,21,4),
  (1673,"S","2025-02-02 13:31:15",4,3,21,5),
  (1674,"S","2025-02-07 08:05:10",1,3,21,2),
  (1675,"P","2025-02-05 18:52:44",6,4,21,3),
  (1676,"P","2025-02-01 16:18:19",3,4,21,5),
  (1677,"X","2025-02-15 07:27:28",3,5,21,4),
  (1678,"X","2025-02-06 05:03:23",5,5,21,2),
  (1679,"S","2025-02-06 10:34:39",2,6,21,4),
  (1680,"S","2025-02-01 19:31:51",5,6,21,4),
  (1681,"P","2025-02-02 23:01:39",3,2,21,2),
  (1682,"P","2025-02-11 03:20:44",4,2,21,2),
  (1683,"X","2025-02-01 11:42:48",4,3,21,2),
  (1684,"X","2025-02-19 14:41:18",2,3,21,4),
  (1685,"S","2025-02-10 10:18:02",3,4,21,4),
  (1686,"S","2025-02-09 06:30:04",6,4,21,2),
  (1687,"P","2025-02-04 06:51:09",7,5,21,2),
  (1688,"P","2025-02-10 22:53:58",4,5,21,4),
  (1689,"X","2025-02-09 14:55:54",6,6,21,4),
  (1690,"X","2025-02-10 00:32:43",3,6,21,2),
  (1691,"S","2025-02-19 09:09:38",1,2,21,4),
  (1692,"S","2025-02-14 02:33:37",4,2,21,3),
  (1693,"P","2025-02-10 00:57:43",3,3,21,3),
  (1694,"P","2025-02-20 16:11:03",3,3,21,1),
  (1695,"X","2025-02-19 01:58:05",5,4,21,1),
  (1696,"X","2025-02-13 19:40:55",5,4,21,3),
  (1697,"S","2025-02-08 02:16:46",4,5,21,5),
  (1698,"S","2025-02-19 09:57:40",3,5,21,3),
  (1699,"P","2025-02-12 05:56:24",4,6,21,5),
  (1700,"P","2025-02-06 22:24:45",4,6,21,1);
INSERT INTO consultations (id,type,registered_date,patient_id,cause_id,department_id,doctor_id)
VALUES
  (1701,"X","2025-02-01 21:42:54",4,2,21,2),
  (1702,"X","2025-02-18 14:57:19",5,2,21,2),
  (1703,"S","2025-02-19 10:22:59",2,3,21,1),
  (1704,"S","2025-02-14 08:13:36",6,3,21,4),
  (1705,"P","2025-02-13 04:55:13",4,4,21,1),
  (1706,"P","2025-02-03 20:17:47",4,4,21,3),
  (1707,"X","2025-02-02 00:59:15",2,5,21,2),
  (1708,"X","2025-02-07 20:01:35",4,5,21,2),
  (1709,"S","2025-02-02 04:10:18",5,6,21,5),
  (1710,"S","2025-02-06 15:55:05",7,6,21,4),
  (1711,"P","2025-02-16 07:08:56",6,2,21,4),
  (1712,"P","2025-02-01 23:21:12",3,2,21,5),
  (1713,"X","2025-02-09 03:06:59",7,3,21,4),
  (1714,"X","2025-02-18 20:27:18",6,3,21,2),
  (1715,"S","2025-02-05 11:26:25",5,4,21,3),
  (1716,"S","2025-02-04 22:38:34",2,4,21,2),
  (1717,"P","2025-02-06 15:29:23",6,5,21,1),
  (1718,"P","2025-02-10 15:08:05",1,5,21,4),
  (1719,"X","2025-02-09 18:31:02",5,6,21,3),
  (1720,"X","2025-02-05 15:41:53",5,6,21,3),
  (1721,"S","2025-02-12 11:17:07",3,2,21,5),
  (1722,"S","2025-02-07 12:22:25",4,2,21,2),
  (1723,"P","2025-02-19 03:53:15",1,3,21,1),
  (1724,"P","2025-02-14 20:30:17",3,3,21,3),
  (1725,"X","2025-02-11 03:27:21",3,4,21,2),
  (1726,"X","2025-02-14 13:23:03",7,4,21,2),
  (1727,"S","2025-02-18 10:37:28",7,5,21,1),
  (1728,"S","2025-02-11 01:25:41",3,5,21,3),
  (1729,"P","2025-02-17 10:11:39",3,6,21,3),
  (1730,"P","2025-02-08 12:15:24",3,6,21,3),
  (1731,"X","2025-02-16 08:07:32",5,2,21,2),
  (1732,"X","2025-02-18 03:54:36",5,2,21,3),
  (1733,"S","2025-02-07 22:24:34",5,3,21,5),
  (1734,"S","2025-02-15 05:31:09",2,3,21,2),
  (1735,"P","2025-02-09 03:09:57",5,4,21,5),
  (1736,"P","2025-02-18 10:06:01",4,4,21,2),
  (1737,"X","2025-02-05 12:54:35",1,5,21,5),
  (1738,"X","2025-02-18 07:33:27",4,5,21,1),
  (1739,"S","2025-02-08 09:12:55",2,6,21,3),
  (1740,"S","2025-02-10 21:31:32",4,6,21,4),
  (1741,"P","2025-02-09 12:55:22",2,2,21,2),
  (1742,"P","2025-02-06 15:04:33",6,2,21,2),
  (1743,"X","2025-02-12 02:57:32",4,3,21,4),
  (1744,"X","2025-02-18 15:03:45",6,3,21,2),
  (1745,"S","2025-02-12 06:59:44",3,4,21,2),
  (1746,"S","2025-02-19 12:49:17",6,4,21,1),
  (1747,"P","2025-02-16 18:45:37",2,5,21,1),
  (1748,"P","2025-02-16 08:56:43",6,5,21,2),
  (1749,"X","2025-02-09 21:24:57",2,6,21,1),
  (1750,"X","2025-02-09 20:25:21",3,6,21,4);
INSERT INTO consultations (id,type,registered_date,patient_id,cause_id,department_id,doctor_id)
VALUES
  (1751,"S","2025-02-12 09:05:01",5,2,21,5),
  (1752,"S","2025-02-03 02:16:53",2,2,21,2),
  (1753,"P","2025-02-07 17:50:50",5,3,21,3),
  (1754,"P","2025-02-03 09:37:10",5,3,21,4),
  (1755,"X","2025-02-05 15:24:59",1,4,21,5),
  (1756,"X","2025-02-10 09:14:13",6,4,21,1),
  (1757,"S","2025-02-15 17:14:24",3,5,21,2),
  (1758,"S","2025-02-11 00:44:30",6,5,21,4),
  (1759,"P","2025-02-14 18:22:42",1,6,21,2),
  (1760,"P","2025-02-19 12:20:49",5,6,21,1),
  (1761,"X","2025-02-12 16:06:36",2,2,21,4),
  (1762,"X","2025-02-04 16:32:48",3,2,21,2),
  (1763,"S","2025-02-18 04:30:19",3,3,21,4),
  (1764,"S","2025-02-11 00:50:23",5,3,21,1),
  (1765,"P","2025-02-11 21:09:05",4,4,21,3),
  (1766,"P","2025-02-19 18:52:58",7,4,21,4),
  (1767,"X","2025-02-03 12:29:39",7,5,21,5),
  (1768,"X","2025-02-11 02:59:49",5,5,21,4),
  (1769,"S","2025-02-11 09:00:15",3,6,21,1),
  (1770,"S","2025-02-13 13:31:13",3,6,21,5),
  (1771,"P","2025-02-14 04:02:59",3,2,21,1),
  (1772,"P","2025-02-14 08:26:54",2,2,21,2),
  (1773,"X","2025-02-03 04:10:11",5,3,21,2),
  (1774,"X","2025-02-08 01:13:18",6,3,21,4),
  (1775,"S","2025-02-17 11:10:45",1,4,21,5),
  (1776,"S","2025-02-11 06:15:01",1,4,21,4),
  (1777,"P","2025-02-17 20:52:24",2,5,21,3),
  (1778,"P","2025-02-10 07:46:32",2,5,21,3),
  (1779,"X","2025-02-08 10:21:57",1,6,21,5),
  (1780,"X","2025-02-14 23:24:41",4,6,21,4),
  (1781,"S","2025-02-18 00:32:06",3,2,21,4),
  (1782,"S","2025-02-09 19:38:16",4,2,21,5),
  (1783,"P","2025-02-10 01:34:59",6,3,21,2),
  (1784,"P","2025-02-02 15:23:18",5,3,21,2),
  (1785,"X","2025-02-17 23:38:39",1,4,21,5),
  (1786,"X","2025-02-06 14:54:23",2,4,21,2),
  (1787,"S","2025-02-05 09:50:33",7,5,21,3),
  (1788,"S","2025-02-03 20:22:38",5,5,21,5),
  (1789,"P","2025-02-17 09:41:31",3,6,21,3),
  (1790,"P","2025-02-10 19:52:08",1,6,21,1),
  (1791,"X","2025-02-06 19:53:44",7,2,21,3),
  (1792,"X","2025-02-17 00:44:35",5,2,21,2),
  (1793,"S","2025-02-15 08:40:41",2,3,21,1),
  (1794,"S","2025-02-20 15:18:37",2,3,21,2),
  (1795,"P","2025-02-02 00:17:33",6,4,21,1),
  (1796,"P","2025-02-19 02:02:14",2,4,21,5),
  (1797,"X","2025-02-04 06:16:34",6,5,21,2),
  (1798,"X","2025-02-18 16:48:47",6,5,21,5),
  (1799,"S","2025-02-19 01:37:34",2,6,21,4),
  (1800,"S","2025-02-07 03:04:31",7,6,21,4);
INSERT INTO consultations (id,type,registered_date,patient_id,cause_id,department_id,doctor_id)
VALUES
  (1801,"P","2025-02-06 19:25:05",4,2,21,4),
  (1802,"P","2025-02-03 13:12:54",4,2,21,2),
  (1803,"X","2025-02-20 09:48:10",2,3,21,1),
  (1804,"X","2025-02-13 02:24:53",5,3,21,4),
  (1805,"S","2025-02-14 16:20:57",3,4,21,1),
  (1806,"S","2025-02-06 17:47:11",3,4,21,3),
  (1807,"P","2025-02-14 05:05:53",5,5,21,2),
  (1808,"P","2025-02-05 12:35:01",2,5,21,4),
  (1809,"X","2025-02-03 23:41:49",6,6,21,3),
  (1810,"X","2025-02-05 07:50:33",3,6,21,4),
  (1811,"S","2025-02-15 08:33:33",7,2,21,5),
  (1812,"S","2025-02-02 20:49:04",1,2,21,5),
  (1813,"P","2025-02-06 03:31:22",3,3,21,4),
  (1814,"P","2025-02-02 02:39:54",6,3,21,2),
  (1815,"X","2025-02-14 21:44:38",2,4,21,3),
  (1816,"X","2025-02-01 21:28:35",5,4,21,3),
  (1817,"S","2025-02-18 16:14:40",2,5,21,4),
  (1818,"S","2025-02-18 06:54:06",2,5,21,1),
  (1819,"P","2025-02-13 01:36:55",6,6,21,2),
  (1820,"P","2025-02-09 11:17:27",5,6,21,3),
  (1821,"X","2025-02-01 12:13:06",6,2,21,4),
  (1822,"X","2025-02-10 06:31:34",2,2,21,2),
  (1823,"S","2025-02-16 16:45:26",3,3,21,4),
  (1824,"S","2025-02-06 21:46:38",1,3,21,2),
  (1825,"P","2025-02-11 03:22:50",6,4,21,2),
  (1826,"P","2025-02-12 14:41:56",6,4,21,3),
  (1827,"X","2025-02-07 19:58:42",2,5,21,3),
  (1828,"X","2025-02-16 10:28:57",6,5,21,4),
  (1829,"S","2025-02-03 19:49:33",5,6,21,1),
  (1830,"S","2025-02-20 03:33:57",2,6,21,2),
  (1831,"P","2025-02-07 21:04:25",3,2,21,2),
  (1832,"P","2025-02-18 17:13:27",5,2,21,5),
  (1833,"X","2025-02-03 05:17:11",6,3,21,5),
  (1834,"X","2025-02-05 17:52:50",6,3,21,4),
  (1835,"S","2025-02-18 20:45:08",3,4,21,1),
  (1836,"S","2025-02-17 23:53:55",5,4,21,4),
  (1837,"P","2025-02-10 11:40:58",4,5,21,4),
  (1838,"P","2025-02-05 21:03:31",3,5,21,4),
  (1839,"X","2025-02-01 05:31:53",3,6,21,2),
  (1840,"X","2025-02-02 15:04:31",4,6,21,2),
  (1841,"S","2025-02-17 02:17:18",5,2,21,2),
  (1842,"S","2025-02-12 04:49:24",6,2,21,3),
  (1843,"P","2025-02-12 23:41:02",1,3,21,3),
  (1844,"P","2025-02-10 14:31:33",4,3,21,2),
  (1845,"X","2025-02-09 18:02:09",5,4,21,4),
  (1846,"X","2025-02-09 03:00:18",2,4,21,1),
  (1847,"S","2025-02-12 19:22:44",6,5,21,2),
  (1848,"S","2025-02-16 17:16:35",2,5,21,1),
  (1849,"P","2025-02-21 00:03:35",4,6,21,4),
  (1850,"P","2025-02-01 09:10:32",1,6,21,4);
INSERT INTO consultations (id,type,registered_date,patient_id,cause_id,department_id,doctor_id)
VALUES
  (1851,"X","2025-02-13 03:44:24",5,2,21,3),
  (1852,"X","2025-02-19 12:53:41",3,2,21,3),
  (1853,"S","2025-02-20 03:10:10",2,3,21,3),
  (1854,"S","2025-02-15 17:35:58",3,3,21,4),
  (1855,"P","2025-02-17 10:29:06",6,4,21,2),
  (1856,"P","2025-02-05 02:12:47",6,4,21,5),
  (1857,"X","2025-02-05 12:21:20",6,5,21,4),
  (1858,"X","2025-02-02 06:15:47",1,5,21,3),
  (1859,"S","2025-02-06 11:33:37",4,6,21,3),
  (1860,"S","2025-02-05 16:09:17",6,6,21,1),
  (1861,"P","2025-02-15 23:44:17",7,2,21,5),
  (1862,"P","2025-02-17 12:04:09",3,2,21,3),
  (1863,"X","2025-02-05 18:09:14",2,3,21,2),
  (1864,"X","2025-02-16 00:00:49",1,3,21,3),
  (1865,"S","2025-02-03 18:02:58",3,4,21,3),
  (1866,"S","2025-02-20 07:44:45",5,4,21,1),
  (1867,"P","2025-02-01 09:56:56",4,5,21,3),
  (1868,"P","2025-02-15 10:58:19",6,5,21,4),
  (1869,"X","2025-02-18 17:23:27",3,6,21,3),
  (1870,"X","2025-02-13 17:51:30",7,6,21,3),
  (1871,"S","2025-02-04 18:35:34",7,2,21,2),
  (1872,"S","2025-02-10 11:52:29",5,2,21,2),
  (1873,"P","2025-02-20 10:24:07",6,3,21,1),
  (1874,"P","2025-02-18 18:28:23",6,3,21,5),
  (1875,"X","2025-02-09 13:27:45",6,4,21,3),
  (1876,"X","2025-02-13 23:16:09",3,4,21,5),
  (1877,"S","2025-02-17 17:45:14",6,5,21,2),
  (1878,"S","2025-02-10 00:12:11",2,5,21,2),
  (1879,"P","2025-02-15 11:35:18",4,6,21,2),
  (1880,"P","2025-02-03 14:36:31",3,6,21,5),
  (1881,"X","2025-02-18 15:01:41",3,2,21,3),
  (1882,"X","2025-02-15 23:55:10",3,2,21,3),
  (1883,"S","2025-02-05 18:31:34",2,3,21,4),
  (1884,"S","2025-02-03 05:58:44",1,3,21,2),
  (1885,"P","2025-02-09 04:44:31",5,4,21,1),
  (1886,"P","2025-02-07 23:25:11",6,4,21,2),
  (1887,"X","2025-02-06 23:57:08",5,5,21,4),
  (1888,"X","2025-02-12 20:34:28",2,5,21,4),
  (1889,"S","2025-02-14 13:20:28",5,6,21,4),
  (1890,"S","2025-02-17 00:23:40",7,6,21,2),
  (1891,"P","2025-02-15 23:24:20",6,2,21,3),
  (1892,"P","2025-02-08 19:25:41",5,2,21,4),
  (1893,"X","2025-02-07 15:07:17",6,3,21,3),
  (1894,"X","2025-02-02 09:31:25",3,3,21,4),
  (1895,"S","2025-02-10 13:06:01",2,4,21,2),
  (1896,"S","2025-02-19 20:18:54",5,4,21,4),
  (1897,"P","2025-02-03 09:15:38",5,5,21,4),
  (1898,"P","2025-02-03 07:16:23",2,5,21,3),
  (1899,"X","2025-02-08 14:13:26",5,6,21,4),
  (1900,"X","2025-02-14 02:34:21",2,6,21,2);
INSERT INTO consultations (id,type,registered_date,patient_id,cause_id,department_id,doctor_id)
VALUES
  (1901,"S","2025-02-15 11:56:34",2,2,21,1),
  (1902,"S","2025-02-12 19:58:17",3,2,21,1),
  (1903,"P","2025-02-11 10:23:25",4,3,21,5),
  (1904,"P","2025-02-16 18:50:11",2,3,21,2),
  (1905,"X","2025-02-05 01:31:22",2,4,21,2),
  (1906,"X","2025-02-02 09:58:44",1,4,21,4),
  (1907,"S","2025-02-07 10:13:14",6,5,21,2),
  (1908,"S","2025-02-19 00:07:08",6,5,21,4),
  (1909,"P","2025-02-11 00:04:01",4,6,21,4),
  (1910,"P","2025-02-10 19:55:06",1,6,21,3),
  (1911,"X","2025-02-08 20:43:15",4,2,21,4),
  (1912,"X","2025-02-01 11:12:10",4,2,21,3),
  (1913,"S","2025-02-18 00:34:22",4,3,21,2),
  (1914,"S","2025-02-06 14:32:02",5,3,21,4),
  (1915,"P","2025-02-06 05:26:47",1,4,21,5),
  (1916,"P","2025-02-15 14:32:10",5,4,21,2),
  (1917,"X","2025-02-04 17:40:19",6,5,21,1),
  (1918,"X","2025-02-12 15:04:45",2,5,21,5),
  (1919,"S","2025-02-16 03:37:33",4,6,21,3),
  (1920,"S","2025-02-11 03:03:25",5,6,21,2),
  (1921,"P","2025-02-01 08:35:43",7,2,21,4),
  (1922,"P","2025-02-19 10:39:04",2,2,21,1),
  (1923,"X","2025-02-15 03:51:43",2,3,21,4),
  (1924,"X","2025-02-13 01:29:16",2,3,21,2),
  (1925,"S","2025-02-04 21:18:04",4,4,21,2),
  (1926,"S","2025-02-01 16:21:58",3,4,21,4),
  (1927,"P","2025-02-14 07:06:26",5,5,21,3),
  (1928,"P","2025-02-19 03:28:09",5,5,21,4),
  (1929,"X","2025-02-02 13:29:30",7,6,21,3),
  (1930,"X","2025-02-15 02:19:45",3,6,21,3),
  (1931,"S","2025-02-20 13:15:26",6,2,21,1),
  (1932,"S","2025-02-01 03:01:52",4,2,21,2),
  (1933,"P","2025-02-09 14:02:30",1,3,21,3),
  (1934,"P","2025-02-08 06:38:11",7,3,21,3),
  (1935,"X","2025-02-18 15:05:36",1,4,21,2),
  (1936,"X","2025-02-05 09:22:45",5,4,21,4),
  (1937,"S","2025-02-05 01:29:57",6,5,21,2),
  (1938,"S","2025-02-17 16:33:47",3,5,21,2),
  (1939,"P","2025-02-15 06:00:52",1,6,21,1),
  (1940,"P","2025-02-02 23:11:28",2,6,21,4),
  (1941,"X","2025-02-02 15:33:46",6,2,21,5),
  (1942,"X","2025-02-20 08:13:01",5,2,21,2),
  (1943,"S","2025-02-20 11:41:13",7,3,21,4),
  (1944,"S","2025-02-02 07:47:35",7,3,21,3),
  (1945,"P","2025-02-05 23:12:00",1,4,21,2),
  (1946,"P","2025-02-10 00:33:42",6,4,21,4),
  (1947,"X","2025-02-11 11:40:31",7,5,21,1),
  (1948,"X","2025-02-02 22:34:17",2,5,21,4),
  (1949,"S","2025-02-06 22:03:02",3,6,21,2),
  (1950,"S","2025-02-11 06:52:31",4,6,21,1);
INSERT INTO consultations (id,type,registered_date,patient_id,cause_id,department_id,doctor_id)
VALUES
  (1951,"P","2025-02-11 04:28:06",3,2,21,4),
  (1952,"P","2025-02-05 10:29:05",7,2,21,2),
  (1953,"X","2025-02-11 23:42:32",3,3,21,3),
  (1954,"X","2025-02-05 13:15:44",1,3,21,3),
  (1955,"S","2025-02-07 18:13:22",4,4,21,2),
  (1956,"S","2025-02-01 12:07:48",3,4,21,3),
  (1957,"P","2025-02-07 18:03:01",3,5,21,4),
  (1958,"P","2025-02-13 22:22:33",5,5,21,3),
  (1959,"X","2025-02-17 08:15:50",6,6,21,2),
  (1960,"X","2025-02-12 15:11:15",5,6,21,2),
  (1961,"S","2025-02-18 20:47:55",2,2,21,2),
  (1962,"S","2025-02-05 18:40:10",6,2,21,2),
  (1963,"P","2025-02-05 02:37:07",7,3,21,2),
  (1964,"P","2025-02-11 21:35:31",3,3,21,5),
  (1965,"X","2025-02-10 06:24:21",4,4,21,3),
  (1966,"X","2025-02-16 10:19:27",5,4,21,4),
  (1967,"S","2025-02-12 09:24:49",3,5,21,3),
  (1968,"S","2025-02-20 04:23:35",2,5,21,4),
  (1969,"P","2025-02-15 19:47:04",3,6,21,2),
  (1970,"P","2025-02-19 08:01:46",6,6,21,2),
  (1971,"X","2025-02-16 09:02:17",5,2,21,3),
  (1972,"X","2025-02-05 22:05:29",5,2,21,3),
  (1973,"S","2025-02-01 04:21:06",3,3,21,3),
  (1974,"S","2025-02-12 10:33:25",4,3,21,5),
  (1975,"P","2025-02-05 06:22:37",6,4,21,1),
  (1976,"P","2025-02-07 20:36:18",2,4,21,4),
  (1977,"X","2025-02-12 03:16:52",5,5,21,2),
  (1978,"X","2025-02-11 06:22:25",3,5,21,2),
  (1979,"S","2025-02-16 04:03:39",5,6,21,2),
  (1980,"S","2025-02-03 17:43:10",5,6,21,4),
  (1981,"P","2025-02-10 01:29:44",4,2,21,4),
  (1982,"P","2025-02-02 22:10:51",5,2,21,5),
  (1983,"X","2025-02-09 19:47:32",5,3,21,3),
  (1984,"X","2025-02-20 18:08:27",7,3,21,5),
  (1985,"S","2025-02-13 14:05:54",3,4,21,2),
  (1986,"S","2025-02-12 17:56:22",6,4,21,4),
  (1987,"P","2025-02-13 18:39:53",3,5,21,2),
  (1988,"P","2025-02-02 14:12:06",2,5,21,3),
  (1989,"X","2025-02-08 09:38:23",1,6,21,3),
  (1990,"X","2025-02-20 01:09:06",2,6,21,1),
  (1991,"S","2025-02-04 08:15:06",4,2,21,3),
  (1992,"S","2025-02-05 08:35:15",2,2,21,2),
  (1993,"P","2025-02-14 05:47:42",7,3,21,4),
  (1994,"P","2025-02-01 23:44:51",3,3,21,1),
  (1995,"X","2025-02-18 02:16:34",4,4,21,3),
  (1996,"X","2025-02-14 04:22:06",1,4,21,4),
  (1997,"S","2025-02-17 13:59:51",2,5,21,1),
  (1998,"S","2025-02-15 01:45:24",2,5,21,2),
  (1999,"P","2025-02-12 12:17:59",2,6,21,3),
  (2000,"P","2025-02-01 18:52:19",4,6,21,1);

INSERT INTO consultations (id,type,registered_date,patient_id,cause_id,department_id,doctor_id)
VALUES
  (2001,"P","2025-02-09 20:31:46",5,9,21,1),
  (2002,"P","2025-02-08 00:19:37",4,157,21,4),
  (2003,"X","2025-02-18 20:55:49",5,171,21,4),
  (2004,"X","2025-02-15 13:40:51",2,203,21,3),
  (2005,"S","2025-02-04 18:58:30",5,28,21,5),
  (2006,"S","2025-02-09 17:13:28",2,30,21,5),
  (2007,"P","2025-02-01 06:35:01",4,35,21,1),
  (2008,"P","2025-02-04 23:50:46",5,170,21,3),
  (2009,"X","2025-02-08 12:53:09",2,248,21,4),
  (2010,"X","2025-02-16 10:50:21",3,179,21,3),
  (2011,"S","2025-02-01 04:59:32",7,231,21,2),
  (2012,"S","2025-02-16 03:55:32",3,7,21,5),
  (2013,"P","2025-02-19 09:27:39",4,21,21,4),
  (2014,"P","2025-02-15 02:55:14",4,169,21,5),
  (2015,"X","2025-02-05 11:33:23",1,82,21,1),
  (2016,"X","2025-02-15 01:52:12",3,45,21,2),
  (2017,"S","2025-02-09 10:00:57",5,243,21,3),
  (2018,"S","2025-02-19 09:11:56",2,261,21,3),
  (2019,"P","2025-02-18 16:23:22",6,229,21,1),
  (2020,"P","2025-02-15 14:55:04",5,230,21,4),
  (2021,"X","2025-02-18 15:53:28",2,227,21,2),
  (2022,"X","2025-02-16 23:10:38",4,126,21,3),
  (2023,"S","2025-02-08 05:27:20",2,147,21,4),
  (2024,"S","2025-02-14 18:31:31",4,212,21,3),
  (2025,"P","2025-02-07 23:42:41",4,223,21,1),
  (2026,"P","2025-02-04 02:35:21",4,91,21,2),
  (2027,"X","2025-02-15 10:40:25",4,259,21,2),
  (2028,"X","2025-02-14 12:37:16",2,172,21,4),
  (2029,"S","2025-02-10 01:53:26",7,235,21,1),
  (2030,"S","2025-02-01 15:47:56",1,141,21,2),
  (2031,"P","2025-02-04 00:49:54",3,165,21,4),
  (2032,"P","2025-02-10 17:12:14",4,76,21,1),
  (2033,"X","2025-02-07 13:05:08",4,51,21,3),
  (2034,"X","2025-02-08 15:25:05",2,1,21,3),
  (2035,"S","2025-02-05 16:13:04",4,225,21,3),
  (2036,"S","2025-02-12 07:50:35",4,64,21,2),
  (2037,"P","2025-02-04 17:14:51",5,43,21,4),
  (2038,"P","2025-02-18 19:48:33",7,122,21,1),
  (2039,"X","2025-02-03 12:33:14",6,175,21,1),
  (2040,"X","2025-02-06 03:12:05",3,233,21,3),
  (2041,"S","2025-02-18 13:41:26",3,135,21,1),
  (2042,"S","2025-02-20 17:46:40",2,114,21,1),
  (2043,"P","2025-02-07 21:04:07",4,67,21,3),
  (2044,"P","2025-02-10 10:03:43",2,176,21,2),
  (2045,"X","2025-02-03 16:51:24",3,8,21,3),
  (2046,"X","2025-02-01 13:32:51",5,78,21,3),
  (2047,"S","2025-02-07 15:44:16",5,140,21,4),
  (2048,"S","2025-02-11 15:41:00",5,164,21,2),
  (2049,"P","2025-02-06 00:58:07",4,258,21,3),
  (2050,"P","2025-02-07 22:12:44",3,256,21,4);
INSERT INTO consultations (id,type,registered_date,patient_id,cause_id,department_id,doctor_id)
VALUES
  (2051,"X","2025-02-15 01:03:51",4,81,21,4),
  (2052,"X","2025-02-08 13:21:10",2,154,21,5),
  (2053,"S","2025-02-09 00:36:12",6,200,21,3),
  (2054,"S","2025-02-18 23:58:54",2,180,21,1),
  (2055,"P","2025-02-18 11:57:55",6,68,21,3),
  (2056,"P","2025-02-03 10:05:42",1,185,21,3),
  (2057,"X","2025-02-06 18:22:54",3,104,21,3),
  (2058,"X","2025-02-10 01:04:33",4,79,21,1),
  (2059,"S","2025-02-01 16:26:05",4,252,21,3),
  (2060,"S","2025-02-04 08:45:18",4,254,21,3),
  (2061,"P","2025-02-04 10:31:30",3,63,21,4),
  (2062,"P","2025-02-09 10:11:45",5,234,21,5),
  (2063,"X","2025-02-15 19:02:52",5,145,21,3),
  (2064,"X","2025-02-15 11:23:08",2,231,21,3),
  (2065,"S","2025-02-05 01:13:59",5,162,21,4),
  (2066,"S","2025-02-04 09:40:52",5,59,21,5),
  (2067,"P","2025-02-10 06:22:58",4,259,21,3),
  (2068,"P","2025-02-17 03:38:40",3,254,21,2),
  (2069,"X","2025-02-20 08:13:08",3,139,21,4),
  (2070,"X","2025-02-18 06:17:06",1,32,21,2),
  (2071,"S","2025-02-17 18:13:38",4,105,21,2),
  (2072,"S","2025-02-12 15:47:31",2,31,21,3),
  (2073,"P","2025-02-18 23:38:04",7,92,21,1),
  (2074,"P","2025-02-12 16:55:29",5,26,21,3),
  (2075,"X","2025-02-20 19:56:24",5,9,21,2),
  (2076,"X","2025-02-02 23:03:22",4,81,21,4),
  (2077,"S","2025-02-19 13:34:25",4,44,21,2),
  (2078,"S","2025-02-02 14:12:11",7,27,21,3),
  (2079,"P","2025-02-20 15:51:37",2,257,21,3),
  (2080,"P","2025-02-06 16:10:29",1,235,21,5),
  (2081,"X","2025-02-19 05:22:23",6,198,21,5),
  (2082,"X","2025-02-07 19:59:29",3,108,21,4),
  (2083,"S","2025-02-10 23:05:41",7,187,21,4),
  (2084,"S","2025-02-17 06:46:22",2,185,21,2),
  (2085,"P","2025-02-16 10:58:53",1,94,21,3),
  (2086,"P","2025-02-20 18:33:43",4,97,21,3),
  (2087,"X","2025-02-20 18:06:25",6,16,21,2),
  (2088,"X","2025-02-02 06:43:52",4,178,21,3),
  (2089,"S","2025-02-07 14:26:40",7,204,21,1),
  (2090,"S","2025-02-05 09:04:40",4,5,21,3),
  (2091,"P","2025-02-17 03:40:54",4,40,21,3),
  (2092,"P","2025-02-06 11:22:01",4,174,21,3),
  (2093,"X","2025-02-18 11:23:20",2,124,21,2),
  (2094,"X","2025-02-17 21:01:32",1,130,21,4),
  (2095,"S","2025-02-20 04:24:03",3,48,21,2),
  (2096,"S","2025-02-17 05:57:05",2,226,21,4),
  (2097,"P","2025-02-15 13:06:18",4,234,21,5),
  (2098,"P","2025-02-03 17:44:45",5,140,21,4),
  (2099,"X","2025-02-02 05:24:28",6,11,21,4),
  (2100,"X","2025-02-18 00:42:29",6,188,21,5);
INSERT INTO consultations (id,type,registered_date,patient_id,cause_id,department_id,doctor_id)
VALUES
  (2101,"S","2025-02-07 15:38:57",4,100,21,5),
  (2102,"S","2025-02-04 18:52:27",1,232,21,1),
  (2103,"P","2025-02-17 23:38:36",5,192,21,1),
  (2104,"P","2025-02-08 03:54:40",2,61,21,3),
  (2105,"X","2025-02-10 11:45:42",2,114,21,5),
  (2106,"X","2025-02-14 11:16:08",4,84,21,1),
  (2107,"S","2025-02-08 07:18:23",1,99,21,3),
  (2108,"S","2025-02-03 08:51:52",6,128,21,3),
  (2109,"P","2025-02-04 10:18:42",3,190,21,3),
  (2110,"P","2025-02-16 04:04:33",7,222,21,3),
  (2111,"X","2025-02-11 07:01:39",1,195,21,4),
  (2112,"X","2025-02-21 00:19:57",6,231,21,2),
  (2113,"S","2025-02-09 06:14:28",3,224,21,5),
  (2114,"S","2025-02-04 06:51:11",6,96,21,5),
  (2115,"P","2025-02-20 03:27:56",3,113,21,3),
  (2116,"P","2025-02-16 20:34:56",5,119,21,2),
  (2117,"X","2025-02-08 10:12:27",2,81,21,2),
  (2118,"X","2025-02-13 21:58:22",7,19,21,2),
  (2119,"S","2025-02-20 14:38:25",6,25,21,3),
  (2120,"S","2025-02-09 08:42:11",3,87,21,2),
  (2121,"P","2025-02-14 21:10:37",4,31,21,3),
  (2122,"P","2025-02-16 22:08:32",6,152,21,4),
  (2123,"X","2025-02-14 02:02:16",5,26,21,3),
  (2124,"X","2025-02-19 03:08:39",3,136,21,2),
  (2125,"S","2025-02-20 16:33:26",5,171,21,5),
  (2126,"S","2025-02-02 02:17:41",3,47,21,2),
  (2127,"P","2025-02-02 23:03:12",5,53,21,3),
  (2128,"P","2025-02-07 09:31:35",2,73,21,5),
  (2129,"X","2025-02-10 16:21:49",2,214,21,2),
  (2130,"X","2025-02-06 08:33:39",4,168,21,2),
  (2131,"S","2025-02-02 17:03:57",5,77,21,5),
  (2132,"S","2025-02-03 19:13:49",3,221,21,3),
  (2133,"P","2025-02-05 06:01:16",4,224,21,5),
  (2134,"P","2025-02-10 08:21:13",2,96,21,4),
  (2135,"X","2025-02-05 10:51:48",2,221,21,2),
  (2136,"X","2025-02-20 22:33:49",5,158,21,5),
  (2137,"S","2025-02-03 09:59:02",6,74,21,5),
  (2138,"S","2025-02-08 00:05:46",2,100,21,2),
  (2139,"P","2025-02-06 11:48:35",4,208,21,1),
  (2140,"P","2025-02-05 12:13:42",3,77,21,1),
  (2141,"X","2025-02-17 03:21:43",6,123,21,5),
  (2142,"X","2025-02-17 23:19:46",5,170,21,4),
  (2143,"S","2025-02-12 07:58:14",2,22,21,2),
  (2144,"S","2025-02-20 08:17:26",1,95,21,2),
  (2145,"P","2025-02-19 09:10:18",4,143,21,3),
  (2146,"P","2025-02-13 23:18:58",4,196,21,3),
  (2147,"X","2025-02-02 09:28:04",7,161,21,3),
  (2148,"X","2025-02-12 04:57:45",1,166,21,3),
  (2149,"S","2025-02-02 18:34:45",2,231,21,2),
  (2150,"S","2025-02-06 15:41:10",4,2,21,4);
INSERT INTO consultations (id,type,registered_date,patient_id,cause_id,department_id,doctor_id)
VALUES
  (2151,"P","2025-02-05 04:40:26",1,11,21,3),
  (2152,"P","2025-02-20 01:53:52",2,48,21,3),
  (2153,"X","2025-02-01 22:27:15",2,200,21,4),
  (2154,"X","2025-02-08 15:35:30",3,40,21,4),
  (2155,"S","2025-02-09 23:02:34",4,13,21,3),
  (2156,"S","2025-02-11 06:19:23",5,49,21,4),
  (2157,"P","2025-02-17 15:11:50",5,139,21,4),
  (2158,"P","2025-02-11 21:36:19",3,109,21,1),
  (2159,"X","2025-02-14 16:09:50",7,188,21,4),
  (2160,"X","2025-02-12 19:13:51",3,12,21,1),
  (2161,"S","2025-02-15 22:55:00",1,209,21,1),
  (2162,"S","2025-02-08 12:32:23",5,184,21,3),
  (2163,"P","2025-02-08 04:21:03",3,161,21,4),
  (2164,"P","2025-02-17 23:32:13",4,82,21,4),
  (2165,"X","2025-02-16 01:28:59",7,216,21,1),
  (2166,"X","2025-02-15 04:32:33",2,221,21,3),
  (2167,"S","2025-02-20 00:17:16",5,239,21,3),
  (2168,"S","2025-02-02 16:56:00",3,248,21,4),
  (2169,"P","2025-02-04 14:46:05",4,217,21,3),
  (2170,"P","2025-02-10 02:49:05",4,243,21,3),
  (2171,"X","2025-02-12 23:40:05",3,163,21,5),
  (2172,"X","2025-02-20 02:29:08",4,210,21,3),
  (2173,"S","2025-02-20 01:50:31",2,61,21,3),
  (2174,"S","2025-02-08 17:32:34",6,27,21,1),
  (2175,"P","2025-02-06 11:06:05",2,229,21,3),
  (2176,"P","2025-02-14 07:56:35",6,204,21,2),
  (2177,"X","2025-02-08 19:18:32",3,214,21,2),
  (2178,"X","2025-02-16 06:41:23",5,43,21,3),
  (2179,"S","2025-02-20 06:47:53",2,101,21,4),
  (2180,"S","2025-02-08 01:20:12",3,259,21,5),
  (2181,"P","2025-02-11 20:08:49",1,99,21,2),
  (2182,"P","2025-02-02 11:01:20",6,232,21,4),
  (2183,"X","2025-02-07 23:03:01",2,70,21,4),
  (2184,"X","2025-02-01 19:57:37",2,135,21,4),
  (2185,"S","2025-02-11 18:22:45",2,127,21,1),
  (2186,"S","2025-02-06 15:22:07",5,189,21,1),
  (2187,"P","2025-02-02 21:53:14",4,241,21,5),
  (2188,"P","2025-02-03 11:20:32",4,164,21,5),
  (2189,"X","2025-02-11 11:16:13",2,85,21,4),
  (2190,"X","2025-02-08 06:36:00",1,234,21,1),
  (2191,"S","2025-02-14 23:20:13",5,25,21,4),
  (2192,"S","2025-02-14 12:52:59",2,61,21,2),
  (2193,"P","2025-02-05 16:18:55",6,58,21,2),
  (2194,"P","2025-02-18 00:55:32",2,233,21,3),
  (2195,"X","2025-02-04 15:58:40",2,56,21,2),
  (2196,"X","2025-02-15 08:24:50",4,100,21,3),
  (2197,"S","2025-02-05 02:07:25",3,66,21,2),
  (2198,"S","2025-02-14 04:41:25",5,170,21,2),
  (2199,"P","2025-02-02 20:09:07",6,178,21,5),
  (2200,"P","2025-02-19 14:32:55",1,34,21,3);
INSERT INTO consultations (id,type,registered_date,patient_id,cause_id,department_id,doctor_id)
VALUES
  (2201,"X","2025-02-10 17:45:36",5,260,21,3),
  (2202,"X","2025-02-13 05:21:39",4,127,21,2),
  (2203,"S","2025-02-19 00:37:49",2,32,21,2),
  (2204,"S","2025-02-20 09:48:31",5,173,21,5),
  (2205,"P","2025-02-02 03:10:58",2,110,21,3),
  (2206,"P","2025-02-08 18:14:42",6,75,21,3),
  (2207,"X","2025-02-14 20:15:26",3,108,21,3),
  (2208,"X","2025-02-12 08:05:50",2,240,21,3),
  (2209,"S","2025-02-04 18:29:47",4,154,21,2),
  (2210,"S","2025-02-21 02:08:48",4,195,21,2),
  (2211,"P","2025-02-14 14:55:24",4,36,21,1),
  (2212,"P","2025-02-03 08:39:15",6,165,21,2),
  (2213,"X","2025-02-20 10:36:36",1,5,21,1),
  (2214,"X","2025-02-12 09:06:44",4,153,21,4),
  (2215,"S","2025-02-17 06:16:20",1,36,21,5),
  (2216,"S","2025-02-20 15:08:12",3,159,21,5),
  (2217,"P","2025-02-18 21:28:27",6,171,21,2),
  (2218,"P","2025-02-11 03:10:22",5,180,21,1),
  (2219,"X","2025-02-10 01:15:51",7,255,21,3),
  (2220,"X","2025-02-20 01:49:37",5,247,21,2),
  (2221,"S","2025-02-19 00:15:40",7,72,21,2),
  (2222,"S","2025-02-12 04:37:33",5,75,21,2),
  (2223,"P","2025-02-03 10:25:46",7,239,21,1),
  (2224,"P","2025-02-07 10:29:48",6,234,21,2),
  (2225,"X","2025-02-16 05:57:54",7,90,21,5),
  (2226,"X","2025-02-04 10:11:37",1,96,21,3),
  (2227,"S","2025-02-14 09:58:19",4,34,21,4),
  (2228,"S","2025-02-16 20:50:29",6,37,21,4),
  (2229,"P","2025-02-15 16:55:32",4,169,21,4),
  (2230,"P","2025-02-01 23:45:11",6,58,21,2),
  (2231,"X","2025-02-09 03:17:44",3,233,21,3),
  (2232,"X","2025-02-02 20:28:32",4,25,21,2),
  (2233,"S","2025-02-17 06:02:01",6,219,21,4),
  (2234,"S","2025-02-17 02:01:41",2,140,21,3),
  (2235,"P","2025-02-05 15:06:15",6,47,21,2),
  (2236,"P","2025-02-07 16:48:08",2,58,21,3),
  (2237,"X","2025-02-08 21:29:13",3,4,21,2),
  (2238,"X","2025-02-05 14:27:52",4,170,21,1),
  (2239,"S","2025-02-15 01:54:01",5,65,21,5),
  (2240,"S","2025-02-21 01:12:04",4,203,21,2),
  (2241,"P","2025-02-05 23:02:24",4,62,21,2),
  (2242,"P","2025-02-08 13:05:02",4,169,21,2),
  (2243,"X","2025-02-12 14:15:28",1,43,21,5),
  (2244,"X","2025-02-12 07:39:02",3,24,21,3),
  (2245,"S","2025-02-03 23:38:57",5,222,21,3),
  (2246,"S","2025-02-14 03:58:11",2,45,21,1),
  (2247,"P","2025-02-07 22:47:14",5,155,21,4),
  (2248,"P","2025-02-04 19:00:34",4,205,21,5),
  (2249,"X","2025-02-09 14:03:11",6,153,21,2),
  (2250,"X","2025-02-06 11:30:59",2,157,21,2);
INSERT INTO consultations (id,type,registered_date,patient_id,cause_id,department_id,doctor_id)
VALUES
  (2251,"S","2025-02-17 10:14:00",6,197,21,4),
  (2252,"S","2025-02-04 01:11:38",6,202,21,1),
  (2253,"P","2025-02-04 08:20:14",7,64,21,2),
  (2254,"P","2025-02-14 03:26:11",7,26,21,4),
  (2255,"X","2025-02-01 23:45:25",6,215,21,4),
  (2256,"X","2025-02-04 08:41:25",6,252,21,2),
  (2257,"S","2025-02-11 04:47:05",5,169,21,4),
  (2258,"S","2025-02-06 15:28:54",5,75,21,2),
  (2259,"P","2025-02-20 06:47:34",6,99,21,3),
  (2260,"P","2025-02-20 03:10:21",7,141,21,4),
  (2261,"X","2025-02-08 07:22:10",2,159,21,5),
  (2262,"X","2025-02-12 05:43:31",5,233,21,5),
  (2263,"S","2025-02-20 16:06:04",3,20,21,2),
  (2264,"S","2025-02-07 18:21:39",6,34,21,3),
  (2265,"P","2025-02-20 10:49:42",1,148,21,2),
  (2266,"P","2025-02-03 05:46:25",5,131,21,3),
  (2267,"X","2025-02-15 21:17:19",3,121,21,2),
  (2268,"X","2025-02-07 01:11:11",7,107,21,2),
  (2269,"S","2025-02-12 06:55:19",5,15,21,2),
  (2270,"S","2025-02-16 03:23:31",6,68,21,5),
  (2271,"P","2025-02-17 17:04:46",3,195,21,3),
  (2272,"P","2025-02-11 11:08:51",2,124,21,1),
  (2273,"X","2025-02-03 13:45:14",2,176,21,2),
  (2274,"X","2025-02-06 18:45:00",6,31,21,3),
  (2275,"S","2025-02-20 19:22:14",5,158,21,2),
  (2276,"S","2025-02-12 15:47:28",4,25,21,3),
  (2277,"P","2025-02-06 11:57:41",2,252,21,3),
  (2278,"P","2025-02-16 17:38:00",4,103,21,3),
  (2279,"X","2025-02-07 20:22:32",4,71,21,1),
  (2280,"X","2025-02-04 01:11:12",1,141,21,2),
  (2281,"S","2025-02-04 00:41:25",3,126,21,2),
  (2282,"S","2025-02-16 22:26:29",3,81,21,2),
  (2283,"P","2025-02-17 10:00:13",2,4,21,2),
  (2284,"P","2025-02-07 07:10:25",4,234,21,1),
  (2285,"X","2025-02-11 04:41:27",7,98,21,3),
  (2286,"X","2025-02-02 14:29:11",3,138,21,4),
  (2287,"S","2025-02-06 17:40:18",3,141,21,5),
  (2288,"S","2025-02-07 14:19:36",5,139,21,5),
  (2289,"P","2025-02-15 13:23:18",7,87,21,5),
  (2290,"P","2025-02-10 18:05:51",5,254,21,3),
  (2291,"X","2025-02-02 20:48:39",5,41,21,3),
  (2292,"X","2025-02-06 10:51:29",5,215,21,4),
  (2293,"S","2025-02-09 11:11:17",5,64,21,1),
  (2294,"S","2025-02-06 22:55:37",7,121,21,4),
  (2295,"P","2025-02-15 19:09:41",6,184,21,2),
  (2296,"P","2025-02-13 21:40:59",6,105,21,2),
  (2297,"X","2025-02-11 00:23:17",6,37,21,4),
  (2298,"X","2025-02-17 03:38:12",7,231,21,2),
  (2299,"S","2025-02-04 11:50:05",7,244,21,3),
  (2300,"S","2025-02-08 16:21:10",6,10,21,2);
INSERT INTO consultations (id,type,registered_date,patient_id,cause_id,department_id,doctor_id)
VALUES
  (2301,"P","2025-02-10 08:57:17",2,140,21,4),
  (2302,"P","2025-02-12 01:44:10",3,241,21,5),
  (2303,"X","2025-02-11 13:53:48",4,117,21,1),
  (2304,"X","2025-02-06 06:24:38",4,189,21,5),
  (2305,"S","2025-02-10 19:50:29",1,18,21,2),
  (2306,"S","2025-02-20 22:39:49",6,244,21,5),
  (2307,"P","2025-02-20 01:39:39",1,259,21,3),
  (2308,"P","2025-02-04 11:25:01",2,111,21,1),
  (2309,"X","2025-02-15 18:08:17",6,142,21,3),
  (2310,"X","2025-02-06 08:39:06",6,14,21,1),
  (2311,"S","2025-02-03 08:54:51",5,253,21,4),
  (2312,"S","2025-02-20 08:51:45",6,69,21,5),
  (2313,"P","2025-02-06 10:58:38",2,159,21,2),
  (2314,"P","2025-02-02 20:51:02",3,189,21,3),
  (2315,"X","2025-02-20 19:47:09",2,236,21,3),
  (2316,"X","2025-02-07 15:10:17",3,92,21,4),
  (2317,"S","2025-02-20 15:32:49",5,14,21,5),
  (2318,"S","2025-02-14 02:43:53",3,132,21,4),
  (2319,"P","2025-02-12 08:35:28",4,239,21,4),
  (2320,"P","2025-02-19 03:44:42",1,225,21,1),
  (2321,"X","2025-02-16 03:46:02",3,127,21,1),
  (2322,"X","2025-02-07 04:52:47",5,190,21,2),
  (2323,"S","2025-02-03 10:56:08",6,58,21,3),
  (2324,"S","2025-02-18 08:43:22",3,187,21,3),
  (2325,"P","2025-02-11 05:02:25",5,204,21,4),
  (2326,"P","2025-02-14 20:08:40",2,122,21,5),
  (2327,"X","2025-02-04 06:03:58",4,74,21,1),
  (2328,"X","2025-02-10 20:56:04",3,149,21,3),
  (2329,"S","2025-02-08 19:15:24",5,265,21,3),
  (2330,"S","2025-02-17 10:40:34",2,256,21,3),
  (2331,"P","2025-02-16 18:13:17",2,27,21,1),
  (2332,"P","2025-02-14 03:13:28",1,120,21,4),
  (2333,"X","2025-02-05 12:13:09",3,123,21,3),
  (2334,"X","2025-02-13 12:11:45",3,14,21,4),
  (2335,"S","2025-02-07 04:57:51",2,227,21,1),
  (2336,"S","2025-02-10 20:44:40",2,3,21,5),
  (2337,"P","2025-02-08 05:19:58",3,108,21,4),
  (2338,"P","2025-02-17 23:01:35",2,197,21,2),
  (2339,"X","2025-02-11 16:13:01",7,268,21,4),
  (2340,"X","2025-02-21 02:05:03",6,182,21,3),
  (2341,"S","2025-02-16 23:02:52",4,5,21,3),
  (2342,"S","2025-02-07 23:57:24",4,250,21,3),
  (2343,"P","2025-02-18 07:11:39",5,171,21,1),
  (2344,"P","2025-02-18 13:24:36",6,66,21,4),
  (2345,"X","2025-02-19 19:14:26",6,219,21,2),
  (2346,"X","2025-02-02 01:12:25",4,138,21,4),
  (2347,"S","2025-02-16 06:49:25",4,129,21,3),
  (2348,"S","2025-02-18 13:35:39",5,22,21,3),
  (2349,"P","2025-02-17 00:31:20",6,80,21,1),
  (2350,"P","2025-02-13 09:26:00",3,219,21,5);
INSERT INTO consultations (id,type,registered_date,patient_id,cause_id,department_id,doctor_id)
VALUES
  (2351,"X","2025-02-15 02:06:42",4,7,21,4),
  (2352,"X","2025-02-16 14:38:06",3,44,21,4),
  (2353,"S","2025-02-09 06:13:48",4,129,21,4),
  (2354,"S","2025-02-20 23:36:57",4,11,21,5),
  (2355,"P","2025-02-19 21:33:33",1,170,21,4),
  (2356,"P","2025-02-19 16:50:34",6,218,21,4),
  (2357,"X","2025-02-11 19:21:49",7,21,21,4),
  (2358,"X","2025-02-19 19:39:54",3,149,21,2),
  (2359,"S","2025-02-19 11:39:04",3,148,21,2),
  (2360,"S","2025-02-05 15:08:17",5,133,21,2),
  (2361,"P","2025-02-20 02:13:12",6,76,21,3),
  (2362,"P","2025-02-02 06:43:36",2,154,21,3),
  (2363,"X","2025-02-09 23:26:34",2,105,21,2),
  (2364,"X","2025-02-12 03:43:14",4,22,21,2),
  (2365,"S","2025-02-14 04:06:01",5,264,21,5),
  (2366,"S","2025-02-07 02:29:28",1,227,21,3),
  (2367,"P","2025-02-11 18:03:16",7,174,21,2),
  (2368,"P","2025-02-17 19:22:43",2,40,21,4),
  (2369,"X","2025-02-02 17:47:33",4,173,21,4),
  (2370,"X","2025-02-10 14:26:50",4,98,21,4),
  (2371,"S","2025-02-17 13:41:15",4,164,21,3),
  (2372,"S","2025-02-02 10:14:40",2,163,21,2),
  (2373,"P","2025-02-12 14:22:21",5,145,21,4),
  (2374,"P","2025-02-12 14:17:10",3,123,21,2),
  (2375,"X","2025-02-18 05:04:05",6,254,21,3),
  (2376,"X","2025-02-20 06:00:16",2,124,21,2),
  (2377,"S","2025-02-14 12:37:51",6,188,21,2),
  (2378,"S","2025-02-09 19:36:54",2,185,21,2),
  (2379,"P","2025-02-10 20:19:04",6,38,21,1),
  (2380,"P","2025-02-06 16:36:57",5,39,21,4),
  (2381,"X","2025-02-19 05:02:21",6,246,21,4),
  (2382,"X","2025-02-08 00:15:39",6,22,21,1),
  (2383,"S","2025-02-13 21:25:28",5,256,21,2),
  (2384,"S","2025-02-10 04:53:46",6,176,21,3),
  (2385,"P","2025-02-12 05:48:21",1,208,21,1),
  (2386,"P","2025-02-10 07:15:59",3,180,21,1),
  (2387,"X","2025-02-19 20:21:51",6,61,21,3),
  (2388,"X","2025-02-19 12:26:53",5,117,21,3),
  (2389,"S","2025-02-01 05:36:07",5,89,21,1),
  (2390,"S","2025-02-08 21:47:01",4,90,21,1),
  (2391,"P","2025-02-03 17:40:57",6,162,21,4),
  (2392,"P","2025-02-19 11:51:28",6,109,21,2),
  (2393,"X","2025-02-11 21:20:14",6,208,21,3),
  (2394,"X","2025-02-08 17:02:58",2,249,21,2),
  (2395,"S","2025-02-04 09:35:53",5,162,21,2),
  (2396,"S","2025-02-18 03:57:44",6,127,21,2),
  (2397,"P","2025-02-18 00:39:18",3,165,21,4),
  (2398,"P","2025-02-14 12:41:24",5,174,21,2),
  (2399,"X","2025-02-14 01:48:16",3,222,21,2),
  (2400,"X","2025-02-06 10:43:16",2,131,21,3);
INSERT INTO consultations (id,type,registered_date,patient_id,cause_id,department_id,doctor_id)
VALUES
  (2401,"S","2025-02-01 21:34:20",1,134,21,2),
  (2402,"S","2025-02-08 00:01:42",3,130,21,5),
  (2403,"P","2025-02-09 18:10:48",3,214,21,5),
  (2404,"P","2025-02-19 07:21:59",3,86,21,4),
  (2405,"X","2025-02-18 06:30:48",2,232,21,1),
  (2406,"X","2025-02-20 02:14:10",3,176,21,2),
  (2407,"S","2025-02-14 00:15:07",6,28,21,3),
  (2408,"S","2025-02-16 15:19:55",7,29,21,2),
  (2409,"P","2025-02-02 10:12:09",6,26,21,5),
  (2410,"P","2025-02-08 17:31:11",3,138,21,4),
  (2411,"X","2025-02-01 06:32:50",3,146,21,5),
  (2412,"X","2025-02-14 12:17:48",4,191,21,3),
  (2413,"S","2025-02-11 14:53:06",4,131,21,2),
  (2414,"S","2025-02-10 10:43:53",2,12,21,4),
  (2415,"P","2025-02-10 12:00:08",1,58,21,2),
  (2416,"P","2025-02-05 05:20:34",2,22,21,2),
  (2417,"X","2025-02-18 16:39:35",3,86,21,3),
  (2418,"X","2025-02-12 11:53:27",6,244,21,1),
  (2419,"S","2025-02-15 18:25:01",7,255,21,1),
  (2420,"S","2025-02-17 10:32:51",4,9,21,5),
  (2421,"P","2025-02-06 18:28:13",3,241,21,2),
  (2422,"P","2025-02-02 06:57:35",3,50,21,3),
  (2423,"X","2025-02-10 12:06:17",4,265,21,3),
  (2424,"X","2025-02-16 22:21:48",5,7,21,3),
  (2425,"S","2025-02-14 04:35:04",6,198,21,3),
  (2426,"S","2025-02-17 06:31:16",5,171,21,5),
  (2427,"P","2025-02-04 12:51:12",5,39,21,4),
  (2428,"P","2025-02-02 07:04:58",3,195,21,1),
  (2429,"X","2025-02-07 15:32:21",2,165,21,1),
  (2430,"X","2025-02-08 20:23:28",3,258,21,1),
  (2431,"S","2025-02-19 05:54:35",5,106,21,3),
  (2432,"S","2025-02-17 10:35:49",1,51,21,4),
  (2433,"P","2025-02-15 06:47:25",5,103,21,4),
  (2434,"P","2025-02-02 14:27:43",1,185,21,3),
  (2435,"X","2025-02-04 21:52:29",1,67,21,3),
  (2436,"X","2025-02-03 18:09:37",6,63,21,4),
  (2437,"S","2025-02-18 19:40:23",1,136,21,3),
  (2438,"S","2025-02-04 16:37:47",1,191,21,2),
  (2439,"P","2025-02-02 08:16:14",6,122,21,2),
  (2440,"P","2025-02-16 08:23:21",6,186,21,4),
  (2441,"X","2025-02-08 05:34:21",2,147,21,4),
  (2442,"X","2025-02-20 15:58:51",2,116,21,5),
  (2443,"S","2025-02-08 10:04:11",3,84,21,2),
  (2444,"S","2025-02-12 13:46:47",1,266,21,4),
  (2445,"P","2025-02-03 06:58:50",4,175,21,4),
  (2446,"P","2025-02-19 18:32:26",3,40,21,4),
  (2447,"X","2025-02-03 15:03:58",2,165,21,3),
  (2448,"X","2025-02-02 21:10:51",1,35,21,2),
  (2449,"S","2025-02-20 00:32:21",3,32,21,2),
  (2450,"S","2025-02-12 19:23:08",1,203,21,2);
INSERT INTO consultations (id,type,registered_date,patient_id,cause_id,department_id,doctor_id)
VALUES
  (2451,"P","2025-02-10 01:14:00",6,190,21,4),
  (2452,"P","2025-02-10 00:34:47",6,240,21,1),
  (2453,"X","2025-02-01 11:34:26",1,212,21,2),
  (2454,"X","2025-02-09 11:41:36",7,132,21,3),
  (2455,"S","2025-02-05 03:49:13",5,4,21,1),
  (2456,"S","2025-02-07 13:25:20",6,187,21,5),
  (2457,"P","2025-02-05 11:57:28",6,168,21,2),
  (2458,"P","2025-02-11 13:54:23",5,199,21,3),
  (2459,"X","2025-02-18 21:00:45",6,77,21,3),
  (2460,"X","2025-02-05 20:13:16",2,111,21,1),
  (2461,"S","2025-02-19 22:30:46",6,214,21,2),
  (2462,"S","2025-02-08 11:49:34",3,189,21,1),
  (2463,"P","2025-02-16 20:57:02",1,239,21,1),
  (2464,"P","2025-02-18 03:37:43",2,131,21,2),
  (2465,"X","2025-02-20 01:01:12",6,229,21,2),
  (2466,"X","2025-02-15 22:32:09",5,194,21,2),
  (2467,"S","2025-02-19 11:56:15",5,144,21,4),
  (2468,"S","2025-02-20 07:37:23",3,203,21,1),
  (2469,"P","2025-02-02 09:26:35",7,236,21,1),
  (2470,"P","2025-02-12 11:25:42",3,116,21,4),
  (2471,"X","2025-02-15 06:24:47",5,1,21,2),
  (2472,"X","2025-02-08 18:13:05",4,24,21,4),
  (2473,"S","2025-02-13 03:33:55",1,7,21,4),
  (2474,"S","2025-02-19 04:16:12",1,112,21,2),
  (2475,"P","2025-02-04 20:26:39",6,134,21,3),
  (2476,"P","2025-02-14 20:32:14",5,261,21,4),
  (2477,"X","2025-02-09 20:46:20",3,88,21,3),
  (2478,"X","2025-02-03 16:10:48",1,252,21,3),
  (2479,"S","2025-02-17 14:58:23",6,227,21,1),
  (2480,"S","2025-02-04 16:09:55",3,96,21,4),
  (2481,"P","2025-02-06 20:45:08",4,181,21,2),
  (2482,"P","2025-02-01 19:48:12",6,180,21,4),
  (2483,"X","2025-02-20 12:24:14",4,232,21,4),
  (2484,"X","2025-02-15 08:02:52",4,226,21,3),
  (2485,"S","2025-02-08 12:12:53",1,22,21,1),
  (2486,"S","2025-02-11 12:44:32",5,202,21,3),
  (2487,"P","2025-02-20 10:36:03",2,7,21,2),
  (2488,"P","2025-02-17 12:46:40",5,179,21,4),
  (2489,"X","2025-02-20 20:47:31",7,42,21,4),
  (2490,"X","2025-02-15 23:54:17",4,200,21,1),
  (2491,"S","2025-02-02 11:21:30",3,184,21,5),
  (2492,"S","2025-02-03 13:13:18",5,30,21,3),
  (2493,"P","2025-02-07 05:07:36",1,235,21,2),
  (2494,"P","2025-02-06 08:54:55",2,210,21,2),
  (2495,"X","2025-02-08 09:54:53",4,67,21,4),
  (2496,"X","2025-02-07 20:57:03",3,16,21,4),
  (2497,"S","2025-02-02 07:50:49",4,133,21,4),
  (2498,"S","2025-02-09 19:50:32",2,225,21,2),
  (2499,"P","2025-02-20 07:05:22",1,256,21,3),
  (2500,"P","2025-02-08 19:56:47",2,58,21,5);
